1,641a58401b508800014c91db,7/7/2023,0:00,1,2.02E+16,1,1,1,1,1,1,1,799,799,,?????,7/7/2024,1,500.00
2,64a7894784c061000ca7c914,7/7/2023,0:00,1,#20230707034328301,1,1,1,1,1,1,1,799,799,,?????,7/7/2024,1,500.00
3,645f3d8fc67e18000f601f51,7/7/2023,0:00,1,#20230707034716016,1,1,1,1,1,1,1,599,599,,?????,7/7/2024,1,500.00
4,64a79b083aa0de000b6b3508,7/7/2023,0:00,1,#20230707050844910,1,1,1,1,1,1,1,3480,3480,,?????,7/7/2024,1,500.00
5,64115f203ce5b000018be6a1,7/7/2023,0:00,1,#20230707051046326,1,1,1,1,1,1,1,3006,3006,,?????,7/7/2024,1,500.00
6,64a7a003bdeb910012ab3261,7/7/2023,0:00,1,#20230707053246731,1,1,1,1,1,1,1,3180,3180,,?????,7/7/2024,1,500.00
7,64a420f3e2c0ff0012f0cb78,7/7/2023,0:00,1,#20230707054218530,1,1,1,1,1,1,1,3380,3380,,?????,7/7/2024,1,500.00
8,64854fe8f7c9600009c6846c,7/7/2023,0:00,1,#20230707054323267,1,1,1,1,1,1,1,609,609,,?????,7/7/2024,1,500.00
9,6411705636c305000168ba5a,7/7/2023,0:00,1,#20230707055038272,1,1,1,1,1,1,1,47,47,,?????,7/7/2024,1,500.00
10,64a7a96e2b5f0f00096b612d,7/7/2023,0:00,1,#20230707060123865,1,1,1,1,1,1,1,2980,2980,,?????,7/7/2024,1,500.00
11,64115f203ce5b000018be6a1,7/7/2023,0:00,1,#20230707060140984,1,1,1,1,1,1,1,200,200,,?????,7/7/2024,1,500.00
12,64a6516d0efff4000cf63234,7/7/2023,0:00,1,#20230707061811679,1,1,1,1,1,1,1,6360,6360,,?????,7/7/2024,1,500.00
13,64a7a23df188f2000f3dab62,7/7/2023,0:00,1,#20230707062257803,1,1,1,1,1,1,1,3439,3439,,?????,7/7/2024,1,500.00
14,64a7b06c911e1500126666bf,7/7/2023,0:00,1,#20230707063032226,1,1,1,1,1,1,1,3480,3480,,?????,7/7/2024,1,500.00
15,64a7aa88e0638b000f6a1af8,7/7/2023,0:00,1,#20230707063315209,1,1,1,1,1,1,1,3280,3280,,?????,7/7/2024,1,500.00
16,641038578731c6000c2557db,7/7/2023,0:00,1,#20230707063607253,1,1,1,1,1,1,1,235,235,,?????,7/7/2024,1,500.00
17,64a7b106f80eee000ca86bc1,7/7/2023,0:00,1,#20230707063904334,1,1,1,1,1,1,1,3380,3380,,?????,7/7/2024,1,500.00
18,64a7b369d810c2000c5464f6,7/7/2023,0:00,1,#20230707064247738,1,1,1,1,1,1,1,1422,1422,,?????,7/7/2024,1,500.00
19,64a7b45da17f080012a4b8fc,7/7/2023,0:00,1,#20230707064910377,1,1,1,1,1,1,1,3180,3180,,?????,7/7/2024,1,500.00
20,6.41E+23,7/7/2023,0:00,1,#20230707065033237,1,1,1,1,1,1,1,3380,3380,,?????,7/7/2024,1,500.00
21,6411709036c305000168cde9,7/7/2023,0:00,1,#20230707065439077,1,1,1,1,1,1,1,159,159,,?????,7/7/2024,1,500.00
22,64a7b45f04dd9c000c8b142e,7/7/2023,0:00,1,#20230707065838872,1,1,1,1,1,1,1,3180,3180,,?????,7/7/2024,1,500.00
23,64893adb9e5cbd0012151f2f,7/7/2023,0:00,1,#20230707071418933,1,1,1,1,1,1,1,898,898,,?????,7/7/2024,1,500.00
24,64a7bac6c612520012adafed,7/7/2023,0:00,1,#20230707071600204,1,1,1,1,1,1,1,3280,3280,,?????,7/7/2024,1,500.00
25,644f6a0fed11f364e4b6c073,7/7/2023,0:00,1,#20230707071856002,1,1,1,1,1,1,1,2880,2880,,?????,7/7/2024,1,500.00
26,645623861c7d4700117a5d73,7/7/2023,0:00,1,#20230707072113795,1,1,1,1,1,1,1,575,575,,?????,7/7/2024,1,500.00
27,644f6a0fed11f364e4b6c073,7/7/2023,0:00,1,#20230707072153073,1,1,1,1,1,1,1,658,658,,?????,7/7/2024,1,500.00
28,64a7be4862d9510012ea0e1a,7/7/2023,0:00,1,#20230707073545823,1,1,1,1,1,1,1,3280,3280,,?????,7/7/2024,1,500.00
29,64a7c0445cb629000fcf9da9,7/7/2023,0:00,1,#20230707074249749,1,1,1,1,1,1,1,1078,1078,,?????,7/7/2024,1,500.00
30,64a7c053e0638b00096a1b02,7/7/2023,0:00,1,#20230707074653573,1,1,1,1,1,1,1,3580,3580,,?????,7/7/2024,1,500.00
31,64a7c6ca8fb3c9000f469142,7/7/2023,0:00,1,#20230707080801609,1,1,1,1,1,1,1,3580,3580,,?????,7/7/2024,1,500.00
32,64a7c9185cb6290012cf9db6,7/7/2023,0:00,1,#20230707081900304,1,1,1,1,1,1,1,3180,3180,,?????,7/7/2024,1,500.00
33,64a7c871479d22001176f8c3,7/7/2023,0:00,1,#20230707082101711,1,1,1,1,1,1,1,3380,3380,,?????,7/7/2024,1,500.00
34,641a5aa51b508800014cd4a1,7/7/2023,0:00,1,#20230707084757301,1,1,1,1,1,1,1,3280,3280,,?????,7/7/2024,1,500.00
35,64a7cefa6f351d0012a84a42,7/7/2023,0:00,1,#20230707090238670,1,1,1,1,1,1,1,3280,3280,,?????,7/7/2024,1,500.00
36,64a24c0f7a35be0012d04d7a,7/7/2023,0:00,1,#20230707090305137,1,1,1,1,1,1,1,2980,2980,,?????,7/7/2024,1,500.00
37,64a7d4aaa91420000f766324,7/7/2023,0:00,1,#20230707090502520,1,1,1,1,1,1,1,2980,2980,,?????,7/7/2024,1,500.00
38,64a7d4adaab6c80009cda83e,7/7/2023,0:00,1,#20230707090708960,1,1,1,1,1,1,1,3180,3180,,?????,7/7/2024,1,500.00
39,6411b5ab4fa0aa00127725fe,7/7/2023,0:00,1,#20230707091115811,1,1,1,1,1,1,1,3361,3361,,?????,7/7/2024,1,500.00
40,6460ba1309fe3f000fd37398,7/7/2023,0:00,1,#20230707091644512,1,1,1,1,1,1,1,1422,1422,,?????,7/7/2024,1,500.00
41,64a7e23710d64b000fa9d0fb,7/7/2023,0:00,1,#20230707100514600,1,1,1,1,1,1,1,3180,3180,,?????,7/7/2024,1,500.00
42,64a7e21a2a07a0000b05e43b,7/7/2023,0:00,1,#20230707100736156,1,1,1,1,1,1,1,1422,1422,,?????,7/7/2024,1,500.00
43,64a7e587da1c3c0009fa625d,7/7/2023,0:00,1,#20230707102101713,1,1,1,1,1,1,1,1152,1152,,?????,7/7/2024,1,500.00
44,64a7ebe3c460ba0012ffa7fa,7/7/2023,0:00,1,#20230707105222556,1,1,1,1,1,1,1,3180,3180,,?????,7/7/2024,1,500.00
45,641165833ce5b000018c3b7a,7/7/2023,0:00,1,#20230707105501510,1,1,1,1,1,1,1,3280,3280,,?????,7/7/2024,1,500.00
46,64a7ef2e168f6b000f50a880,7/7/2023,0:00,1,#20230707110033235,1,1,1,1,1,1,1,2980,2980,,?????,7/7/2024,1,500.00
47,649fa747838e98000fd2e54e,7/7/2023,0:00,1,#20230707110815707,1,1,1,1,1,1,1,518,518,,?????,7/7/2024,1,500.00
48,64a7f0f1718ffd001239b332,7/7/2023,0:00,1,#20230707111449145,1,1,1,1,1,1,1,3280,3280,,?????,7/7/2024,1,500.00
49,64a7f2f487fc2c00093d05d0,7/7/2023,0:00,1,#20230707112240684,1,1,1,1,1,1,1,2980,2980,,?????,7/7/2024,1,500.00
50,64a7f7d53c556f00094401a3,7/7/2023,0:00,1,#20230707113557903,1,1,1,1,1,1,1,3380,3380,,?????,7/7/2024,1,500.00
51,64a7f8f91793c5000c863034,7/7/2023,0:00,1,#20230707114555887,1,1,1,1,1,1,1,2980,2980,,?????,7/7/2024,1,500.00
52,64a7fa351239560012d0eb8e,7/7/2023,0:00,1,#20230707114557901,1,1,1,1,1,1,1,3180,3180,,?????,7/7/2024,1,500.00
53,64a6ec725f4f7100127e588d,7/7/2023,0:00,1,#20230707114615309,1,1,1,1,1,1,1,3280,3280,,?????,7/7/2024,1,500.00
54,64a7f926e4e7b3001266af6b,7/7/2023,0:00,1,#20230707114703931,1,1,1,1,1,1,1,3480,3480,,?????,7/7/2024,1,500.00
55,64a7f3b26424c50008b25234,7/7/2023,0:00,1,#20230707115123863,1,1,1,1,1,1,1,4216,4216,,?????,7/7/2024,1,500.00
56,64a7fb4b2796ad00093bfc06,7/7/2023,0:00,1,#20230707115413897,1,1,1,1,1,1,1,3480,3480,,?????,7/7/2024,1,500.00
57,641a587363f26c00014659f9,7/7/2023,0:00,1,#20230707120635449,1,1,1,1,1,1,1,3280,3280,,?????,7/7/2024,1,500.00
58,64a7fe00f814e200090baa69,7/7/2023,0:00,1,#20230707120739175,1,1,1,1,1,1,1,3480,3480,,?????,7/7/2024,1,500.00
59,64a7fed999ed02000e4d8f6e,7/7/2023,0:00,1,#20230707120905338,1,1,1,1,1,1,1,3380,3380,,?????,7/7/2024,1,500.00
60,64a7fe46dcc9ee00129ffe05,7/7/2023,0:00,1,#20230707120912386,1,1,1,1,1,1,1,4038,4038,,?????,7/7/2024,1,500.00
61,64a8000cba24cc0011f74994,7/7/2023,0:00,1,#20230707121657605,1,1,1,1,1,1,1,3180,3180,,?????,7/7/2024,1,500.00
62,64a802d4cd40c20012e8044d,7/7/2023,0:00,1,#20230707122906344,1,1,1,1,1,1,1,3380,3380,,?????,7/7/2024,1,500.00
63,64a7ff23f44724000c10f33c,7/7/2023,0:00,1,#20230707123512596,1,1,1,1,1,1,1,4532,4532,,?????,7/7/2024,1,500.00
64,64a804a720d403000b70898e,7/7/2023,0:00,1,#20230707123801611,1,1,1,1,1,1,1,3380,3380,,?????,7/7/2024,1,500.00
65,64a8027846c4c9000864b2a9,7/7/2023,0:00,1,#20230707123831823,1,1,1,1,1,1,1,2980,2980,,?????,7/7/2024,1,500.00
66,64a806b0aaa37a000fbd578e,7/7/2023,0:00,1,#20230707124130912,1,1,1,1,1,1,1,3180,3180,,?????,7/7/2024,1,500.00
67,64a805c46d61c3000f9511f6,7/7/2023,0:00,1,#20230707124357501,1,1,1,1,1,1,1,3280,3280,,?????,7/7/2024,1,500.00
68,64116e1b3ce5b000018d02a4,7/7/2023,0:00,1,#20230707124450152,1,1,1,1,1,1,1,2980,2980,,?????,7/7/2024,1,500.00
69,6411746ce052ee0001152a2b,7/7/2023,0:00,1,#20230707125823765,1,1,1,1,1,1,1,3019,3019,,?????,7/7/2024,1,500.00
70,64a80b35340393000d4b0ce5,7/7/2023,0:00,1,#20230707130023163,1,1,1,1,1,1,1,2980,2980,,?????,7/7/2024,1,500.00
71,64a80a5c30ad92000cf3f70a,7/7/2023,0:00,1,#20230707130250756,1,1,1,1,1,1,1,1152,1152,,?????,7/7/2024,1,500.00
72,648c54e9b4af18000ce8e744,7/7/2023,0:00,1,#20230707130356498,1,1,1,1,1,1,1,265,265,,?????,7/7/2024,1,500.00
73,64a80cf6d27703000cbe3bd3,7/7/2023,0:00,1,#20230707130901311,1,1,1,1,1,1,1,3380,3380,,?????,7/7/2024,1,500.00
74,64a8035afbcdf4000f4a1f76,7/7/2023,0:00,1,#20230707131441091,1,1,1,1,1,1,1,3839,3839,,?????,7/7/2024,1,500.00
75,64a80eed1f77ae00134b5d7a,7/7/2023,0:00,1,#20230707131511583,1,1,1,1,1,1,1,3180,3180,,?????,7/7/2024,1,500.00
76,64a80fe64570d50008c68b45,7/7/2023,0:00,1,#20230707131854982,1,1,1,1,1,1,1,1152,1152,,?????,7/7/2024,1,500.00
77,64a8105ba7e594000ff23a0c,7/7/2023,0:00,1,#20230707131856994,1,1,1,1,1,1,1,1961,1961,,?????,7/7/2024,1,500.00
78,64a810727f22980008dd16ae,7/7/2023,0:00,1,#20230707132456193,1,1,1,1,1,1,1,3480,3480,,?????,7/7/2024,1,500.00
79,64a8128aa31d4800097967d7,7/7/2023,0:00,1,#20230707133218534,1,1,1,1,1,1,1,2980,2980,,?????,7/7/2024,1,500.00
80,64a81287c4125f000ef85cd4,7/7/2023,0:00,1,#20230707133841891,1,1,1,1,1,1,1,3280,3280,,?????,7/7/2024,1,500.00
81,64a81583cd40c20012e80453,7/7/2023,0:00,1,#20230707135412888,1,1,1,1,1,1,1,3280,3280,,?????,7/7/2024,1,500.00
82,64a29b77119bf70009fbd75e,7/8/2023,0:00,1,#20230708030200408,1,1,1,1,1,1,1,1422,1422,,?????,7/8/2024,1,500.00
83,64116e6136c305000168897a,7/8/2023,0:00,1,#20230708030308162,1,1,1,1,1,1,1,3580,3580,,?????,7/8/2024,1,500.00
84,6430e10ec86244000f11a0b3,7/8/2023,0:00,1,#20230708032745217,1,1,1,1,1,1,1,1242,1242,,?????,7/8/2024,1,500.00
85,64a8daac43c69300120c4b34,7/8/2023,0:00,1,#20230708035033233,1,1,1,1,1,1,1,3679,3679,,?????,7/8/2024,1,500.00
86,64a8d95300230d000c15f294,7/8/2023,0:00,1,#20230708035632428,1,1,1,1,1,1,1,6460,6460,,?????,7/8/2024,1,500.00
87,64a8dd40f5ad44001299d42c,7/8/2023,0:00,1,#20230708040101709,1,1,1,1,1,1,1,3639,3639,,?????,7/8/2024,1,500.00
88,64a8dfccc517920012aa0d54,7/8/2023,0:00,1,#20230708040638468,1,1,1,1,1,1,1,3180,3180,,?????,7/8/2024,1,500.00
89,64a8dea0394a4e0011babee6,7/8/2023,0:00,1,#20230708040745217,1,1,1,1,1,1,1,3480,3480,,?????,7/8/2024,1,500.00
90,64a8e08ec3f103000cc0b40a,7/8/2023,0:00,1,#20230708041646530,1,1,1,1,1,1,1,3280,3280,,?????,7/8/2024,1,500.00
91,64a8e09d69176c000968d447,7/8/2023,0:00,1,#20230708041730114,1,1,1,1,1,1,1,3180,3180,,?????,7/8/2024,1,500.00
92,64116c4b222289000133024c,7/8/2023,0:00,1,#20230708042041290,1,1,1,1,1,1,1,2801,2801,,?????,7/8/2024,1,500.00
93,64a8e2f068f68c000c739683,7/8/2023,0:00,1,#20230708042302118,1,1,1,1,1,1,1,3280,3280,,?????,7/8/2024,1,500.00
94,6455d35878ed01000fc2f1d0,7/8/2023,0:00,1,#20230708042410872,1,1,1,1,1,1,1,140,140,,?????,7/8/2024,1,500.00
95,641174d2ffd608000167777d,7/8/2023,0:00,1,#20230708042434039,1,1,1,1,1,1,1,3180,3180,,?????,7/8/2024,1,500.00
96,642a8fd2cf7a44000c040032,7/8/2023,0:00,1,#20230708042709965,1,1,1,1,1,1,1,365,365,,?????,7/8/2024,1,500.00
97,64a8e4df61066b00095eabf1,7/8/2023,0:00,1,#20230708043301113,1,1,1,1,1,1,1,3480,3480,,?????,7/8/2024,1,500.00
98,64a8e55b4842bb000cf9d0c4,7/8/2023,0:00,1,#20230708043439075,1,1,1,1,1,1,1,3480,3480,,?????,7/8/2024,1,500.00
99,64a8e79e3cc2c4000cb75596,7/8/2023,0:00,1,#20230708043932526,1,1,1,1,1,1,1,3380,3380,,?????,7/8/2024,1,500.00
100,64116e85e052ee000114864b,7/8/2023,0:00,1,#20230708044030214,1,1,1,1,1,1,1,3019,3019,,?????,7/8/2024,1,500.00
101,64a8e72d692bed0008927ce1,7/8/2023,0:00,1,#20230708044040286,1,1,1,1,1,1,1,3180,3180,,?????,7/8/2024,1,500.00
102,64116fc23ce5b000018d2932,7/8/2023,0:00,1,#20230708044247731,1,1,1,1,1,1,1,6560,6560,,?????,7/8/2024,1,500.00
103,6411664e2222890001329fa8,7/8/2023,0:00,1,#20230708044533733,1,1,1,1,1,1,1,3180,3180,,?????,7/8/2024,1,500.00
104,64a8e760cf445c000f26b727,7/8/2023,0:00,1,#20230708044835851,1,1,1,1,1,1,1,3380,3380,,?????,7/8/2024,1,500.00
105,6411665a222289000132a319,7/8/2023,0:00,1,#20230708045408860,1,1,1,1,1,1,1,3180,3180,,?????,7/8/2024,1,500.00
106,64a8eb8ae0dd7a000f7c7f2a,7/8/2023,0:00,1,#20230708045631421,1,1,1,1,1,1,1,3180,3180,,?????,7/8/2024,1,500.00
107,64a8eadec59913000c23f5bf,7/8/2023,0:00,1,#20230708045745221,1,1,1,1,1,1,1,2980,2980,,?????,7/8/2024,1,500.00
108,64a8ec60317ac2000f94e38c,7/8/2023,0:00,1,#20230708045839883,1,1,1,1,1,1,1,2844,2844,,?????,7/8/2024,1,500.00
109,64a8eb44d10a250012d85676,7/8/2023,0:00,1,#20230708050023169,1,1,1,1,1,1,1,3280,3280,,?????,7/8/2024,1,500.00
110,64a8ead2fa638c000d1df5d1,7/8/2023,0:00,1,#20230708050431021,1,1,1,1,1,1,1,3180,3180,,?????,7/8/2024,1,500.00
111,64a8eddb402129000963bd65,7/8/2023,0:00,1,#20230708050701913,1,1,1,1,1,1,1,3180,3180,,?????,7/8/2024,1,500.00
112,64a8ede62c41b4000faf8e21,7/8/2023,0:00,1,#20230708050841893,1,1,1,1,1,1,1,2980,2980,,?????,7/8/2024,1,500.00
113,64a8ed92c77589000c11cf77,7/8/2023,0:00,1,#20230708051001015,1,1,1,1,1,1,1,3280,3280,,?????,7/8/2024,1,500.00
114,64a8ecfb4d8ecb0012f6f22f,7/8/2023,0:00,1,#20230708051137965,1,1,1,1,1,1,1,3180,3180,,?????,7/8/2024,1,500.00
115,64116fb5d846120001e64b44,7/8/2023,0:00,1,#20230708051226584,1,1,1,1,1,1,1,4558,4558,,?????,7/8/2024,1,500.00
116,64a8ee3d2c41b40009af8e1f,7/8/2023,0:00,1,#20230708051326286,1,1,1,1,1,1,1,3180,3180,,?????,7/8/2024,1,500.00
117,64a8edacb11a56000c22e773,7/8/2023,0:00,1,#20230708051340386,1,1,1,1,1,1,1,3180,3180,,?????,7/8/2024,1,500.00
118,64a8effd3ae16400120b70c6,7/8/2023,0:00,1,#20230708051654579,1,1,1,1,1,1,1,1651,1651,,?????,7/8/2024,1,500.00
119,64a8f05fa20fe2000c978afa,7/8/2023,0:00,1,#20230708051744212,1,1,1,1,1,1,1,4118,4118,,?????,7/8/2024,1,500.00
120,64a8f0670e91240011d2aced,7/8/2023,0:00,1,#20230708052107759,1,1,1,1,1,1,1,3180,3180,,?????,7/8/2024,1,500.00
121,64a8f0d53b6d64000c9ea757,7/8/2023,0:00,1,#20230708052120844,1,1,1,1,1,1,1,3380,3380,,?????,7/8/2024,1,500.00
122,64a8f1dd0ac647000ee16b2a,7/8/2023,0:00,1,#20230708052234646,1,1,1,1,1,1,1,3580,3580,,?????,7/8/2024,1,500.00
123,641170bd36c305000168d560,7/8/2023,0:00,1,#20230708052705940,1,1,1,1,1,1,1,405,405,,?????,7/8/2024,1,500.00
124,64a8edb8a20fe2000c978af6,7/8/2023,0:00,1,#20230708052712986,1,1,1,1,1,1,1,3779,3779,,?????,7/8/2024,1,500.00
125,64a8f43e3b8bdc000c11b313,7/8/2023,0:00,1,#20230708053137971,1,1,1,1,1,1,1,1422,1422,,?????,7/8/2024,1,500.00
126,64a8eeeefe74e4000fbe5616,7/8/2023,0:00,1,#20230708053151059,1,1,1,1,1,1,1,3380,3380,,?????,7/8/2024,1,500.00
127,64a8f3ee4620a1000f5eb250,7/8/2023,0:00,1,#20230708053716014,1,1,1,1,1,1,1,3380,3380,,?????,7/8/2024,1,500.00
128,64a8f5e5ad8e0e000f972099,7/8/2023,0:00,1,#20230708053931519,1,1,1,1,1,1,1,6360,6360,,?????,7/8/2024,1,500.00
129,64a8f4ca426f8e0009e57be0,7/8/2023,0:00,1,#20230708053957700,1,1,1,1,1,1,1,3465,3465,,?????,7/8/2024,1,500.00
130,64a8f21e02f4350012c2fe63,7/8/2023,0:00,1,#20230708054031225,1,1,1,1,1,1,1,3380,3380,,?????,7/8/2024,1,500.00
131,64a8f5248c87d2000fcf3c1d,7/8/2023,0:00,1,#20230708054045317,1,1,1,1,1,1,1,3480,3480,,?????,7/8/2024,1,500.00
132,64a8f3c072ca62000c65e0b0,7/8/2023,0:00,1,#20230708054057403,1,1,1,1,1,1,1,3280,3280,,?????,7/8/2024,1,500.00
133,64a8f6da384f86000f2145de,7/8/2023,0:00,1,#20230708054705939,1,1,1,1,1,1,1,3280,3280,,?????,7/8/2024,1,500.00
134,64a8f795927db4000985be8e,7/8/2023,0:00,1,#20230708055149044,1,1,1,1,1,1,1,3779,3779,,?????,7/8/2024,1,500.00
135,64a8f790f814e2000f0baade,7/8/2023,0:00,1,#20230708055614308,1,1,1,1,1,1,1,3380,3380,,?????,7/8/2024,1,500.00
136,64a8f3943b6d6400129ea741,7/8/2023,0:00,1,#20230708060706950,1,1,1,1,1,1,1,3380,3380,,?????,7/8/2024,1,500.00
137,64a8f8df8617320012d8cfd2,7/8/2023,0:00,1,#20230708060809667,1,1,1,1,1,1,1,3380,3380,,?????,7/8/2024,1,500.00
138,64a8fb08d29d3400123e14b0,7/8/2023,0:00,1,#20230708060825785,1,1,1,1,1,1,1,3180,3180,,?????,7/8/2024,1,500.00
139,64a8fb9da675bf00124249c8,7/8/2023,0:00,1,#20230708060857001,1,1,1,1,1,1,1,3380,3380,,?????,7/8/2024,1,500.00
140,64a8f3e11f6af30012eeb8b5,7/8/2023,0:00,1,#20230708060949650,1,1,1,1,1,1,1,3480,3480,,?????,7/8/2024,1,500.00
141,645f36841cac5e000f92f9b0,7/8/2023,0:00,1,#20230708061028202,1,1,1,1,1,1,1,249,249,,?????,7/8/2024,1,500.00
142,64a8fb4ef5ad44001299d43c,7/8/2023,0:00,1,#20230708061046326,1,1,1,1,1,1,1,3580,3580,,?????,7/8/2024,1,500.00
143,64a8fbeecc11db000c4d4bb8,7/8/2023,0:00,1,#20230708061152070,1,1,1,1,1,1,1,1152,1152,,?????,7/8/2024,1,500.00
144,64116e7c22228900013340bd,7/8/2023,0:00,1,#20230708061201419,1,1,1,1,1,1,1,3480,3480,,?????,7/8/2024,1,500.00
145,649bc55df3d9ce000fb18d88,7/8/2023,0:00,1,#20230708061402816,1,1,1,1,1,1,1,3380,3380,,?????,7/8/2024,1,500.00
146,64a8fd70c5a320000974b444,7/8/2023,0:00,1,#20230708061733141,1,1,1,1,1,1,1,3480,3480,,?????,7/8/2024,1,500.00
147,641170ad3ce5b000018d51b9,7/8/2023,0:00,1,#20230708061814700,1,1,1,1,1,1,1,1433,1433,,?????,7/8/2024,1,500.00
148,64a8fdfb5fa5d4000c920a3a,7/8/2023,0:00,1,#20230708061831823,1,1,1,1,1,1,1,3380,3380,,?????,7/8/2024,1,500.00
149,64a8f0315d1ff200125491b6,7/8/2023,0:00,1,#20230708061915407,1,1,1,1,1,1,1,3280,3280,,?????,7/8/2024,1,500.00
150,64a8fbece92f9700126e87ff,7/8/2023,0:00,1,#20230708062004030,1,1,1,1,1,1,1,3280,3280,,?????,7/8/2024,1,500.00
151,6411708f3ce5b000018d4f4c,7/8/2023,0:00,1,#20230708062027193,1,1,1,1,1,1,1,3380,3380,,?????,7/8/2024,1,500.00
152,64a8ff8c470d81000c2de04c,7/8/2023,0:00,1,#20230708062126886,1,1,1,1,1,1,1,3280,3280,,?????,7/8/2024,1,500.00
153,64a8feaeb68c090009df2794,7/8/2023,0:00,1,#20230708062219541,1,1,1,1,1,1,1,3180,3180,,?????,7/8/2024,1,500.00
154,64a8fe85eba0a600126733a5,7/8/2023,0:00,1,#20230708062234642,1,1,1,1,1,1,1,3180,3180,,?????,7/8/2024,1,500.00
155,64a8fe663f0e7600092e00fd,7/8/2023,0:00,1,#20230708062235649,1,1,1,1,1,1,1,6760,6760,,?????,7/8/2024,1,500.00
156,64a8fffca4be46001293f096,7/8/2023,0:00,1,#20230708062251761,1,1,1,1,1,1,1,3180,3180,,?????,7/8/2024,1,500.00
157,64a8ff8dd2d1f1000f9628d1,7/8/2023,0:00,1,#20230708062322258,1,1,1,1,1,1,1,3180,3180,,?????,7/8/2024,1,500.00
158,64a8fed1cf7d5a000f972be4,7/8/2023,0:00,1,#20230708062640490,1,1,1,1,1,1,1,3180,3180,,?????,7/8/2024,1,500.00
159,641a59407e7bbc0001a3e204,7/8/2023,0:00,1,#20230708063002022,1,1,1,1,1,1,1,2980,2980,,?????,7/8/2024,1,500.00
160,64a8f7ee04352a000fb04d90,7/8/2023,0:00,1,#20230708063015112,1,1,1,1,1,1,1,3779,3779,,?????,7/8/2024,1,500.00
161,64a9023edb77f10009d48a67,7/8/2023,0:00,1,#20230708063148040,1,1,1,1,1,1,1,2980,2980,,?????,7/8/2024,1,500.00
162,64117182ffd6080001672615,7/8/2023,0:00,1,#20230708063317223,1,1,1,1,1,1,1,3136,3136,,?????,7/8/2024,1,500.00
163,64a900bb6d2028000eadae27,7/8/2023,0:00,1,#20230708063352474,1,1,1,1,1,1,1,3430,3430,,?????,7/8/2024,1,500.00
164,64a900eca6dcf6001283ca20,7/8/2023,0:00,1,#20230708063426990,1,1,1,1,1,1,1,4497,4497,,?????,7/8/2024,1,500.00
165,64994211ec9d2c0012c5f517,7/8/2023,0:00,1,#20230708063514600,1,1,1,1,1,1,1,3280,3280,,?????,7/8/2024,1,500.00
166,64a902280db426000fefe346,7/8/2023,0:00,1,#20230708063750258,1,1,1,1,1,1,1,3580,3580,,?????,7/8/2024,1,500.00
167,64a9033f21c290000d97f716,7/8/2023,0:00,1,#20230708063821752,1,1,1,1,1,1,1,3180,3180,,?????,7/8/2024,1,500.00
168,641a564663f26c000146195e,7/8/2023,0:00,1,#20230708064258808,1,1,1,1,1,1,1,3580,3580,,?????,7/8/2024,1,500.00
169,64a9020456855b0012db83b3,7/8/2023,0:00,1,#20230708064308158,1,1,1,1,1,1,1,3480,3480,,?????,7/8/2024,1,500.00
170,64a90460e0dd7a000f7c7f3d,7/8/2023,0:00,1,#20230708064404832,1,1,1,1,1,1,1,6360,6360,,?????,7/8/2024,1,500.00
171,64a905be394a4e0008babf07,7/8/2023,0:00,1,#20230708064832828,1,1,1,1,1,1,1,3180,3180,,?????,7/8/2024,1,500.00
172,64a9078e5ffe2700095c2ab2,7/8/2023,0:00,1,#20230708065417937,1,1,1,1,1,1,1,2980,2980,,?????,7/8/2024,1,500.00
173,64a9068b7d336900123f62d0,7/8/2023,0:00,1,#20230708065522664,1,1,1,1,1,1,1,3480,3480,,?????,7/8/2024,1,500.00
174,64a6ad84256f6b000fa1039d,7/8/2023,0:00,1,#20230708065600202,1,1,1,1,1,1,1,2980,2980,,?????,7/8/2024,1,500.00
175,64a906237e8e10000fca0ba8,7/8/2023,0:00,1,#20230708065807651,1,1,1,1,1,1,1,3180,3180,,?????,7/8/2024,1,500.00
176,64a907b92dc343000c1649c8,7/8/2023,0:00,1,#20230708065921448,1,1,1,1,1,1,1,3380,3380,,?????,7/8/2024,1,500.00
177,64116fdcd846120001e65757,7/8/2023,0:00,1,#20230708070030214,1,1,1,1,1,1,1,3515,3515,,?????,7/8/2024,1,500.00
178,64a909877e8e100012ca0ba0,7/8/2023,0:00,1,#20230708070253777,1,1,1,1,1,1,1,1422,1422,,?????,7/8/2024,1,500.00
179,64a909b800230d001215f2b3,7/8/2023,0:00,1,#20230708070335349,1,1,1,1,1,1,1,6360,6360,,?????,7/8/2024,1,500.00
180,64116b82222289000132dd50,7/8/2023,0:00,1,#20230708070449144,1,1,1,1,1,1,1,3380,3380,,?????,7/8/2024,1,500.00
181,64a9071dde7a11000925e96a,7/8/2023,0:00,1,#20230708070510574,1,1,1,1,1,1,1,3539,3539,,?????,7/8/2024,1,500.00
182,641a564663f26c000146195e,7/8/2023,0:00,1,#20230708070620344,1,1,1,1,1,1,1,539,539,,?????,7/8/2024,1,500.00
183,64116cf436c305000168642c,7/8/2023,0:00,1,#20230708070654580,1,1,1,1,1,1,1,988,988,,?????,7/8/2024,1,500.00
184,64a908e4ec39fe000cb28da5,7/8/2023,0:00,1,#20230708070808658,1,1,1,1,1,1,1,2980,2980,,?????,7/8/2024,1,500.00
185,64a90b042c41b40009af8e33,7/8/2023,0:00,1,#20230708070903337,1,1,1,1,1,1,1,3280,3280,,?????,7/8/2024,1,500.00
186,64a90ae38584ad0009dcdcca,7/8/2023,0:00,1,#20230708071100708,1,1,1,1,1,1,1,3480,3480,,?????,7/8/2024,1,500.00
187,64a90bdf60dca60008822486,7/8/2023,0:00,1,#20230708071317225,1,1,1,1,1,1,1,3380,3380,,?????,7/8/2024,1,500.00
188,64a90add60dca6001182248c,7/8/2023,0:00,1,#20230708071529705,1,1,1,1,1,1,1,3580,3580,,?????,7/8/2024,1,500.00
189,64a907972d8a540012503df7,7/8/2023,0:00,1,#20230708071708962,1,1,1,1,1,1,1,6460,6460,,?????,7/8/2024,1,500.00
190,64a90c83a2657e000ea54c3d,7/8/2023,0:00,1,#20230708071816724,1,1,1,1,1,1,1,1152,1152,,?????,7/8/2024,1,500.00
191,64a90cb626fcbf000909b7b2,7/8/2023,0:00,1,#20230708072008060,1,1,1,1,1,1,1,3280,3280,,?????,7/8/2024,1,500.00
192,64a909e2394a4e000ebabefc,7/8/2023,0:00,1,#20230708072138968,1,1,1,1,1,1,1,4702,4702,,?????,7/8/2024,1,500.00
193,64a90e46fd7dbb000cb98dc7,7/8/2023,0:00,1,#20230708072229617,1,1,1,1,1,1,1,3180,3180,,?????,7/8/2024,1,500.00
194,64116ad83ce5b000018c6405,7/8/2023,0:00,1,#20230708072359527,1,1,1,1,1,1,1,6130,6130,,?????,7/8/2024,1,500.00
195,64a90e85c9cd7b0012aacddb,7/8/2023,0:00,1,#20230708072410872,1,1,1,1,1,1,1,3180,3180,,?????,7/8/2024,1,500.00
196,64a90df066672a00095671a2,7/8/2023,0:00,1,#20230708072459221,1,1,1,1,1,1,1,3479,3479,,?????,7/8/2024,1,500.00
197,64a90f5eabcc71000ccc4c07,7/8/2023,0:00,1,#20230708072719041,1,1,1,1,1,1,1,3180,3180,,?????,7/8/2024,1,500.00
198,64a90f2b7d9413000992cef1,7/8/2023,0:00,1,#20230708072826786,1,1,1,1,1,1,1,3380,3380,,?????,7/8/2024,1,500.00
199,64a90e48d2a6f500123cef85,7/8/2023,0:00,1,#20230708073009071,1,1,1,1,1,1,1,6760,6760,,?????,7/8/2024,1,500.00
200,64a90e40dbb16e000cd58548,7/8/2023,0:00,1,#20230708073024178,1,1,1,1,1,1,1,3580,3580,,?????,7/8/2024,1,500.00
201,641170e3d846120001e6837d,7/8/2023,0:00,1,#20230708073349449,1,1,1,1,1,1,1,770,770,,?????,7/8/2024,1,500.00
202,64a90b180b0041000f73a417,7/8/2023,0:00,1,#20230708073559921,1,1,1,1,1,1,1,3580,3580,,?????,7/8/2024,1,500.00
203,64a91021111e3d000910f4ef,7/8/2023,0:00,1,#20230708073641495,1,1,1,1,1,1,1,6760,6760,,?????,7/8/2024,1,500.00
204,64a911f1b6a3410009618121,7/8/2023,0:00,1,#20230708073830816,1,1,1,1,1,1,1,2980,2980,,?????,7/8/2024,1,500.00
205,64a90c77d369be000f342560,7/8/2023,0:00,1,#20230708073853981,1,1,1,1,1,1,1,3779,3779,,?????,7/8/2024,1,500.00
206,64a90aacabcc710012cc4bfd,7/8/2023,0:00,1,#20230708074044312,1,1,1,1,1,1,1,2980,2980,,?????,7/8/2024,1,500.00
207,64a90e1b3892a2000fe744ed,7/8/2023,0:00,1,#20230708074101713,1,1,1,1,1,1,1,3180,3180,,?????,7/8/2024,1,500.00
208,64a91249612c980009e80fce,7/8/2023,0:00,1,#20230708074118838,1,1,1,1,1,1,1,1422,1422,,?????,7/8/2024,1,500.00
209,64a90de05f88b1000f2b6b01,7/8/2023,0:00,1,#20230708074253775,1,1,1,1,1,1,1,3480,3480,,?????,7/8/2024,1,500.00
210,64a9121d0f44ac000cffc7e8,7/8/2023,0:00,1,#20230708074302120,1,1,1,1,1,1,1,3380,3380,,?????,7/8/2024,1,500.00
211,64a9136fa125d3000c7f54e7,7/8/2023,0:00,1,#20230708074711983,1,1,1,1,1,1,1,3180,3180,,?????,7/8/2024,1,500.00
212,64a91378c34a3b000c5f2516,7/8/2023,0:00,1,#20230708074721063,1,1,1,1,1,1,1,3180,3180,,?????,7/8/2024,1,500.00
213,641a55b81b508800014c3c04,7/8/2023,0:00,1,#20230708074804640,1,1,1,1,1,1,1,3480,3480,,?????,7/8/2024,1,500.00
214,64a907f7d5756b0009198246,7/8/2023,0:00,1,#20230708074841891,1,1,1,1,1,1,1,3380,3380,,?????,7/8/2024,1,500.00
215,64a90d4d4d9e69000f635517,7/8/2023,0:00,1,#20230708074938574,1,1,1,1,1,1,1,3280,3280,,?????,7/8/2024,1,500.00
216,64a91302237e83000f94f02d,7/8/2023,0:00,1,#20230708075048340,1,1,1,1,1,1,1,3580,3580,,?????,7/8/2024,1,500.00
217,64a9147048f74c000ceffa7b,7/8/2023,0:00,1,#20230708075101719,1,1,1,1,1,1,1,3580,3580,,?????,7/8/2024,1,500.00
218,64a914bb402129001263bd7d,7/8/2023,0:00,1,#20230708075108764,1,1,1,1,1,1,1,1422,1422,,?????,7/8/2024,1,500.00
219,64a914186b6aea000c5c6da1,7/8/2023,0:00,1,#20230708075109766,1,1,1,1,1,1,1,3180,3180,,?????,7/8/2024,1,500.00
220,64a91424b2bd050012d0f4b0,7/8/2023,0:00,1,#20230708075155087,1,1,1,1,1,1,1,3180,3180,,?????,7/8/2024,1,500.00
221,64a9142466672a00125671a0,7/8/2023,0:00,1,#20230708075155095,1,1,1,1,1,1,1,3580,3580,,?????,7/8/2024,1,500.00
222,64a9153b3892a2000fe744f1,7/8/2023,0:00,1,#20230708075358514,1,1,1,1,1,1,1,3380,3380,,?????,7/8/2024,1,500.00
223,64116664d846120001e58ab7,7/8/2023,0:00,1,#20230708075445124,1,1,1,1,1,1,1,2980,2980,,?????,7/8/2024,1,500.00
224,64a91551b3514f000f698ec9,7/8/2023,0:00,1,#20230708075500506,1,1,1,1,1,1,1,3380,3380,,?????,7/8/2024,1,500.00
225,64a914bb402129001263bd7d,7/8/2023,0:00,1,#20230708075528700,1,1,1,1,1,1,1,479,479,,?????,7/8/2024,1,500.00
226,64a915918d790a0011b539ad,7/8/2023,0:00,1,#20230708075600208,1,1,1,1,1,1,1,3480,3480,,?????,7/8/2024,1,500.00
227,64a90c066cb2f80012a77458,7/8/2023,0:00,1,#20230708075723071,1,1,1,1,1,1,1,3280,3280,,?????,7/8/2024,1,500.00
228,64a9153c064060000f2f24e4,7/8/2023,0:00,1,#20230708075754292,1,1,1,1,1,1,1,3280,3280,,?????,7/8/2024,1,500.00
229,64a915013b8bdc000f11b32f,7/8/2023,0:00,1,#20230708075927498,1,1,1,1,1,1,1,3380,3380,,?????,7/8/2024,1,500.00
230,64a916b59333f9000c727b18,7/8/2023,0:00,1,#20230708080140984,1,1,1,1,1,1,1,6660,6660,,?????,7/8/2024,1,500.00
231,64a917d6afe09d000b341945,7/8/2023,0:00,1,#20230708080509571,1,1,1,1,1,1,1,3380,3380,,?????,7/8/2024,1,500.00
232,64a9172da5ecf4000989175c,7/8/2023,0:00,1,#20230708080602220,1,1,1,1,1,1,1,3180,3180,,?????,7/8/2024,1,500.00
233,64a9175c8617320009d8d00e,7/8/2023,0:00,1,#20230708080629407,1,1,1,1,1,1,1,3679,3679,,?????,7/8/2024,1,500.00
234,64a917b709cf1b000f5d1657,7/8/2023,0:00,1,#20230708080744212,1,1,1,1,1,1,1,3180,3180,,?????,7/8/2024,1,500.00
235,64a9181b7e750c0009f186a8,7/8/2023,0:00,1,#20230708080822758,1,1,1,1,1,1,1,3280,3280,,?????,7/8/2024,1,500.00
236,64a91542dbbbe0000c8e5650,7/8/2023,0:00,1,#20230708080839877,1,1,1,1,1,1,1,3180,3180,,?????,7/8/2024,1,500.00
237,64a916a600230d000915f2af,7/8/2023,0:00,1,#20230708080925485,1,1,1,1,1,1,1,3180,3180,,?????,7/8/2024,1,500.00
238,64a915b59a5d34000f43c5d3,7/8/2023,0:00,1,#20230708081007055,1,1,1,1,1,1,1,3380,3380,,?????,7/8/2024,1,500.00
239,64a918fbfca22f0012df40b4,7/8/2023,0:00,1,#20230708081117823,1,1,1,1,1,1,1,3480,3480,,?????,7/8/2024,1,500.00
240,6486668b1004620012f781ea,7/8/2023,0:00,1,#20230708081148040,1,1,1,1,1,1,1,3180,3180,,?????,7/8/2024,1,500.00
241,64a90a2f09cf1b000c5d163f,7/8/2023,0:00,1,#20230708081337363,1,1,1,1,1,1,1,4278,4278,,?????,7/8/2024,1,500.00
242,64a90407bb5d3b000c5fad88,7/8/2023,0:00,1,#20230708081339377,1,1,1,1,1,1,1,3180,3180,,?????,7/8/2024,1,500.00
243,64a91013ad8e0e00099720a2,7/8/2023,0:00,1,#20230708081350456,1,1,1,1,1,1,1,3180,3180,,?????,7/8/2024,1,500.00
244,641a57c47e7bbc0001a3a5f6,7/8/2023,0:00,1,#20230708081418930,1,1,1,1,1,1,1,1208,1208,,?????,7/8/2024,1,500.00
245,64a91682394a4e000bbabf10,7/8/2023,0:00,1,#20230708081518629,1,1,1,1,1,1,1,3480,3480,,?????,7/8/2024,1,500.00
246,64a91814725c350009afae37,7/8/2023,0:00,1,#20230708081551863,1,1,1,1,1,1,1,3180,3180,,?????,7/8/2024,1,500.00
247,64a91a2d4f2466000c29bf9e,7/8/2023,0:00,1,#20230708081842900,1,1,1,1,1,1,1,3280,3280,,?????,7/8/2024,1,500.00
248,64a91b38596682000f389320,7/8/2023,0:00,1,#20230708081846924,1,1,1,1,1,1,1,3480,3480,,?????,7/8/2024,1,500.00
249,64a9184d8584ad000cdcdcd3,7/8/2023,0:00,1,#20230708081856998,1,1,1,1,1,1,1,3180,3180,,?????,7/8/2024,1,500.00
250,64a91ae6c9cd7b0009aacdc4,7/8/2023,0:00,1,#20230708081926494,1,1,1,1,1,1,1,3180,3180,,?????,7/8/2024,1,500.00
251,64a909962c8e71001239c819,7/8/2023,0:00,1,#20230708081930516,1,1,1,1,1,1,1,3180,3180,,?????,7/8/2024,1,500.00
252,64a91b0cc4d48200124a6678,7/8/2023,0:00,1,#20230708081930518,1,1,1,1,1,1,1,3180,3180,,?????,7/8/2024,1,500.00
253,64116e7436c30500016890c4,7/8/2023,0:00,1,#20230708082003025,1,1,1,1,1,1,1,380,380,,?????,7/8/2024,1,500.00
254,64a91c45a6f1ac000b7ad1f0,7/8/2023,0:00,1,#20230708082223563,1,1,1,1,1,1,1,4532,4532,,?????,7/8/2024,1,500.00
255,64a91bf7b68c09000cdf2792,7/8/2023,0:00,1,#20230708082249754,1,1,1,1,1,1,1,1372,1372,,?????,7/8/2024,1,500.00
256,64a91c8c3b6d64000f9ea75e,7/8/2023,0:00,1,#20230708082419943,1,1,1,1,1,1,1,3380,3380,,?????,7/8/2024,1,500.00
257,64a91b98f5ad44000c99d443,7/8/2023,0:00,1,#20230708082718033,1,1,1,1,1,1,1,3070,3070,,?????,7/8/2024,1,500.00
258,64a91d19a125d300097f5507,7/8/2023,0:00,1,#20230708082805637,1,1,1,1,1,1,1,3779,3779,,?????,7/8/2024,1,500.00
259,64a91b793b2729000927c180,7/8/2023,0:00,1,#20230708082932530,1,1,1,1,1,1,1,3580,3580,,?????,7/8/2024,1,500.00
260,64a91b5f472c86000f6b3f4f,7/8/2023,0:00,1,#20230708082945623,1,1,1,1,1,1,1,3480,3480,,?????,7/8/2024,1,500.00
261,64a91d991c3c80000c00edb4,7/8/2023,0:00,1,#20230708083015107,1,1,1,1,1,1,1,3739,3739,,?????,7/8/2024,1,500.00
262,64a91d5c32a977000ccc5539,7/8/2023,0:00,1,#20230708083017123,1,1,1,1,1,1,1,3580,3580,,?????,7/8/2024,1,500.00
263,64117474222289000133c95d,7/8/2023,0:00,1,#20230708083407857,1,1,1,1,1,1,1,3216,3216,,?????,7/8/2024,1,500.00
264,64a91d991c3c80000c00edb4,7/8/2023,0:00,1,#20230708083540781,1,1,1,1,1,1,1,539,539,,?????,7/8/2024,1,500.00
265,64a91dac1c62fa0012e690fd,7/8/2023,0:00,1,#20230708083604236,1,1,1,1,1,1,1,3480,3480,,?????,7/8/2024,1,500.00
266,64a91b90938b710012b20061,7/8/2023,0:00,1,#20230708083620342,1,1,1,1,1,1,1,3380,3380,,?????,7/8/2024,1,500.00
267,64a91e7dc89d190009cf28ab,7/8/2023,0:00,1,#20230708083705937,1,1,1,1,1,1,1,3380,3380,,?????,7/8/2024,1,500.00
268,64a91fbd8c87d2000ccf3c32,7/8/2023,0:00,1,#20230708083720043,1,1,1,1,1,1,1,149,149,,?????,7/8/2024,1,500.00
269,64a91f22317ac2000c94e398,7/8/2023,0:00,1,#20230708083811683,1,1,1,1,1,1,1,4079,4079,,?????,7/8/2024,1,500.00
270,64a91c59062f34000c3afbb9,7/8/2023,0:00,1,#20230708084029205,1,1,1,1,1,1,1,3380,3380,,?????,7/8/2024,1,500.00
271,64a91154c89d19000fcf2895,7/8/2023,0:00,1,#20230708084048340,1,1,1,1,1,1,1,3280,3280,,?????,7/8/2024,1,500.00
272,647c7c282f11fb0009b61607,7/8/2023,0:00,1,#20230708084337363,1,1,1,1,1,1,1,569,569,,?????,7/8/2024,1,500.00
273,649ec97a309c1a0012bafe6d,7/8/2023,0:00,1,#20230708084410876,1,1,1,1,1,1,1,3380,3380,,?????,7/8/2024,1,500.00
274,64a921db32679d0011fcfa6d,7/8/2023,0:00,1,#20230708084833839,1,1,1,1,1,1,1,1462,1462,,?????,7/8/2024,1,500.00
275,64a920bfa854bf00098f78e8,7/8/2023,0:00,1,#20230708084834839,1,1,1,1,1,1,1,3180,3180,,?????,7/8/2024,1,500.00
276,64a92158488996000f163c47,7/8/2023,0:00,1,#20230708084947633,1,1,1,1,1,1,1,3180,3180,,?????,7/8/2024,1,500.00
277,64a92303497022000fd27caa,7/8/2023,0:00,1,#20230708085338372,1,1,1,1,1,1,1,3380,3380,,?????,7/8/2024,1,500.00
278,64a91f736ed834000f6d56eb,7/8/2023,0:00,1,#20230708085351461,1,1,1,1,1,1,1,3180,3180,,?????,7/8/2024,1,500.00
279,64a92369dcc4d400129d4a3e,7/8/2023,0:00,1,#20230708085406844,1,1,1,1,1,1,1,3580,3580,,?????,7/8/2024,1,500.00
280,64a922ae692bed0011927cf3,7/8/2023,0:00,1,#20230708085501511,1,1,1,1,1,1,1,3380,3380,,?????,7/8/2024,1,500.00
281,643234e2f5f661000b774c2b,7/8/2023,0:00,1,#20230708085557909,1,1,1,1,1,1,1,447,447,,?????,7/8/2024,1,500.00
282,64a924111c62bc000fcd0e2e,7/8/2023,0:00,1,#20230708085603227,1,1,1,1,1,1,1,3779,3779,,?????,7/8/2024,1,500.00
283,64a91f6cfca22f0012df40b8,7/8/2023,0:00,1,#20230708085644516,1,1,1,1,1,1,1,3280,3280,,?????,7/8/2024,1,500.00
284,64a91c98692bed0008927cfe,7/8/2023,0:00,1,#20230708085707957,1,1,1,1,1,1,1,6160,6160,,?????,7/8/2024,1,500.00
285,64a9241a2c41b40009af8e43,7/8/2023,0:00,1,#20230708085829807,1,1,1,1,1,1,1,3439,3439,,?????,7/8/2024,1,500.00
286,64a922fc3f0e7600092e010d,7/8/2023,0:00,1,#20230708085855986,1,1,1,1,1,1,1,3480,3480,,?????,7/8/2024,1,500.00
287,64a922ab75df2e0009362e8d,7/8/2023,0:00,1,#20230708085943605,1,1,1,1,1,1,1,3380,3380,,?????,7/8/2024,1,500.00
288,64a922ee0effe5000fcefdf5,7/8/2023,0:00,1,#20230708085943609,1,1,1,1,1,1,1,3380,3380,,?????,7/8/2024,1,500.00
289,64a9242fce7bec000ff87795,7/8/2023,0:00,1,#20230708090019137,1,1,1,1,1,1,1,2980,2980,,?????,7/8/2024,1,500.00
290,64a922d97e8e100009ca0bb4,7/8/2023,0:00,1,#20230708090136969,1,1,1,1,1,1,1,3380,3380,,?????,7/8/2024,1,500.00
291,64a925bb0f44ac000fffc7f6,7/8/2023,0:00,1,#20230708090218529,1,1,1,1,1,1,1,539,539,,?????,7/8/2024,1,500.00
292,64a4df02d9d7d400126f1777,7/8/2023,0:00,1,#20230708090332334,1,1,1,1,1,1,1,3180,3180,,?????,7/8/2024,1,500.00
293,64a9249442cb49000c2ccdd0,7/8/2023,0:00,1,#20230708090838872,1,1,1,1,1,1,1,4268,4268,,?????,7/8/2024,1,500.00
294,64a922ee0effe5000fcefdf5,7/8/2023,0:00,1,#20230708090845919,1,1,1,1,1,1,1,499,499,,?????,7/8/2024,1,500.00
295,64a9266adb172d000cd0c266,7/8/2023,0:00,1,#20230708090853975,1,1,1,1,1,1,1,3539,3539,,?????,7/8/2024,1,500.00
296,64a92666e959a1000f20ef03,7/8/2023,0:00,1,#20230708090921449,1,1,1,1,1,1,1,3480,3480,,?????,7/8/2024,1,500.00
297,64a9267932a9770009cc5534,7/8/2023,0:00,1,#20230708091120844,1,1,1,1,1,1,1,3480,3480,,?????,7/8/2024,1,500.00
298,641a587863f26c0001465b6c,7/8/2023,0:00,1,#20230708091309166,1,1,1,1,1,1,1,3180,3180,,?????,7/8/2024,1,500.00
299,64a9283fabcc71000fcc4c0f,7/8/2023,0:00,1,#20230708091628402,1,1,1,1,1,1,1,3280,3280,,?????,7/8/2024,1,500.00
300,64a9241a2c41b40009af8e43,7/8/2023,0:00,1,#20230708091836854,1,1,1,1,1,1,1,4068,4068,,?????,7/8/2024,1,500.00
301,64a9272e8bdd4a00093f7989,7/8/2023,0:00,1,#20230708091855991,1,1,1,1,1,1,1,3779,3779,,?????,7/8/2024,1,500.00
302,64a92467f42c04000e9b6762,7/8/2023,0:00,1,#20230708091940582,1,1,1,1,1,1,1,6690,6690,,?????,7/8/2024,1,500.00
303,64a929075f88b100092b6b18,7/8/2023,0:00,1,#20230708092008058,1,1,1,1,1,1,1,3130,3130,,?????,7/8/2024,1,500.00
304,64a927f43da87100090f904e,7/8/2023,0:00,1,#20230708092021155,1,1,1,1,1,1,1,3180,3180,,?????,7/8/2024,1,500.00
305,64a928042e26250009e410c2,7/8/2023,0:00,1,#20230708092303122,1,1,1,1,1,1,1,6760,6760,,?????,7/8/2024,1,500.00
306,641165173ce5b000018c19ce,7/8/2023,0:00,1,#20230708092356493,1,1,1,1,1,1,1,3380,3380,,?????,7/8/2024,1,500.00
307,64a9100406837c000cf6cecb,7/8/2023,0:00,1,#20230708092422962,1,1,1,1,1,1,1,3380,3380,,?????,7/8/2024,1,500.00
308,64a924e33f01d2000eace6c3,7/8/2023,0:00,1,#20230708092701909,1,1,1,1,1,1,1,3380,3380,,?????,7/8/2024,1,500.00
309,64a92ac54620a100095eb27f,7/8/2023,0:00,1,#20230708092853983,1,1,1,1,1,1,1,3380,3380,,?????,7/8/2024,1,500.00
310,64a92bb74ede69000c90f34b,7/8/2023,0:00,1,#20230708093010071,1,1,1,1,1,1,1,3380,3380,,?????,7/8/2024,1,500.00
311,64a92c3fc9cd7b000caacdd3,7/8/2023,0:00,1,#20230708093129905,1,1,1,1,1,1,1,2980,2980,,?????,7/8/2024,1,500.00
312,64a92c622e417a000fe5055d,7/8/2023,0:00,1,#20230708093218540,1,1,1,1,1,1,1,3480,3480,,?????,7/8/2024,1,500.00
313,64a92a830f9a84000c33c791,7/8/2023,0:00,1,#20230708093356493,1,1,1,1,1,1,1,3380,3380,,?????,7/8/2024,1,500.00
314,64a92193e9e5250012da0d9b,7/8/2023,0:00,1,#20230708093423966,1,1,1,1,1,1,1,3280,3280,,?????,7/8/2024,1,500.00
315,64a92bd5a4be46000c93f0ad,7/8/2023,0:00,1,#20230708093503525,1,1,1,1,1,1,1,3579,3579,,?????,7/8/2024,1,500.00
316,64a92cf734039300104b0d69,7/8/2023,0:00,1,#20230708093515607,1,1,1,1,1,1,1,1152,1152,,?????,7/8/2024,1,500.00
317,64a92d208bdd4a000f3f798f,7/8/2023,0:00,1,#20230708093546830,1,1,1,1,1,1,1,3180,3180,,?????,7/8/2024,1,500.00
318,64a92a2a938b710012b20069,7/8/2023,0:00,1,#20230708093604238,1,1,1,1,1,1,1,3280,3280,,?????,7/8/2024,1,500.00
319,64a90a2f09cf1b000c5d163f,7/8/2023,0:00,1,#20230708094007059,1,1,1,1,1,1,1,798,798,,?????,7/8/2024,1,500.00
320,64a92e3c04352a0009b04dc6,7/8/2023,0:00,1,#20230708094246726,1,1,1,1,1,1,1,1750,1750,,?????,7/8/2024,1,500.00
321,64116af43ce5b000018c6e50,7/8/2023,0:00,1,#20230708094340384,1,1,1,1,1,1,1,3380,3380,,?????,7/8/2024,1,500.00
322,64a92f6a45afed000cdeacdd,7/8/2023,0:00,1,#20230708094441088,1,1,1,1,1,1,1,3280,3280,,?????,7/8/2024,1,500.00
323,64a92edf249aed000c133dc7,7/8/2023,0:00,1,#20230708094529709,1,1,1,1,1,1,1,1512,1512,,?????,7/8/2024,1,500.00
324,64a92dec5d1ff200125491da,7/8/2023,0:00,1,#20230708094636457,1,1,1,1,1,1,1,3180,3180,,?????,7/8/2024,1,500.00
325,64a92f27d853f4000f477c73,7/8/2023,0:00,1,#20230708094812690,1,1,1,1,1,1,1,4538,4538,,?????,7/8/2024,1,500.00
326,64a92ed2966d0b000947d82b,7/8/2023,0:00,1,#20230708095053374,1,1,1,1,1,1,1,3380,3380,,?????,7/8/2024,1,500.00
327,641a58cf1b508800014ca730,7/8/2023,0:00,1,#20230708095119841,1,1,1,1,1,1,1,3580,3580,,?????,7/8/2024,1,500.00
328,64a92b7f6b6aea000c5c6db5,7/8/2023,0:00,1,#20230708095136954,1,1,1,1,1,1,1,3480,3480,,?????,7/8/2024,1,500.00
329,64a9312b5eafad000ce5cade,7/8/2023,0:00,1,#20230708095239675,1,1,1,1,1,1,1,3180,3180,,?????,7/8/2024,1,500.00
330,64a925c7f2437300094d61d7,7/8/2023,0:00,1,#20230708095306150,1,1,1,1,1,1,1,2124,2124,,?????,7/8/2024,1,500.00
331,64a92ff604e306000fadf8a5,7/8/2023,0:00,1,#20230708095315206,1,1,1,1,1,1,1,3480,3480,,?????,7/8/2024,1,500.00
332,64a931461793c500098630cf,7/8/2023,0:00,1,#20230708095421949,1,1,1,1,1,1,1,3580,3580,,?????,7/8/2024,1,500.00
333,6411722ad846120001e6a666,7/8/2023,0:00,1,#20230708095916414,1,1,1,1,1,1,1,2912,2912,,?????,7/8/2024,1,500.00
334,64a9323f036f3b000c38ec19,7/8/2023,0:00,1,#20230708100038276,1,1,1,1,1,1,1,4438,4438,,?????,7/8/2024,1,500.00
335,64a933898c87d20009cf3c42,7/8/2023,0:00,1,#20230708100432028,1,1,1,1,1,1,1,3580,3580,,?????,7/8/2024,1,500.00
336,64a9328418322600095dac47,7/8/2023,0:00,1,#20230708100446128,1,1,1,1,1,1,1,3180,3180,,?????,7/8/2024,1,500.00
337,64a9321496fff6000c26b659,7/8/2023,0:00,1,#20230708100542800,1,1,1,1,1,1,1,3898,3898,,?????,7/8/2024,1,500.00
338,64a9345de9e5250009da0d9c,7/8/2023,0:00,1,#20230708100657609,1,1,1,1,1,1,1,3919,3919,,?????,7/8/2024,1,500.00
339,64a935161049c300129f92d6,7/8/2023,0:00,1,#20230708101027195,1,1,1,1,1,1,1,299,299,,?????,7/8/2024,1,500.00
340,64a934ef4960540009e0c5e3,7/8/2023,0:00,1,#20230708101043306,1,1,1,1,1,1,1,3180,3180,,?????,7/8/2024,1,500.00
341,64a93315c4d48200124a6689,7/8/2023,0:00,1,#20230708101458210,1,1,1,1,1,1,1,3979,3979,,?????,7/8/2024,1,500.00
342,64a9317f4a373f0012235bdf,7/8/2023,0:00,1,#20230708101555887,1,1,1,1,1,1,1,2980,2980,,?????,7/8/2024,1,500.00
343,64a91757120e69000f20d756,7/8/2023,0:00,1,#20230708101853975,1,1,1,1,1,1,1,3480,3480,,?????,7/8/2024,1,500.00
344,64116b2cd846120001e5bc14,7/8/2023,0:00,1,#20230708103456194,1,1,1,1,1,1,1,3480,3480,,?????,7/8/2024,1,500.00
345,64116c57ffd608000166a163,7/8/2023,0:00,1,#20230708103533733,1,1,1,1,1,1,1,3180,3180,,?????,7/8/2024,1,500.00
346,64a12adcfc8a4200093d76c5,7/8/2023,0:00,1,#20230708103609264,1,1,1,1,1,1,1,499,499,,?????,7/8/2024,1,500.00
347,64a93bcfbf94c3000c4cc6d0,7/8/2023,0:00,1,#20230708103719035,1,1,1,1,1,1,1,3180,3180,,?????,7/8/2024,1,500.00
348,64a93c2bd37d5d0012fa007a,7/8/2023,0:00,1,#20230708104214500,1,1,1,1,1,1,1,3580,3580,,?????,7/8/2024,1,500.00
349,64a93cc13f0e7600092e0119,7/8/2023,0:00,1,#20230708104220546,1,1,1,1,1,1,1,3480,3480,,?????,7/8/2024,1,500.00
350,64a93d470c5c7400126d7129,7/8/2023,0:00,1,#20230708104757304,1,1,1,1,1,1,1,2980,2980,,?????,7/8/2024,1,500.00
351,6411709036c305000168cde9,7/8/2023,0:00,1,#20230708104803630,1,1,1,1,1,1,1,4029,4029,,?????,7/8/2024,1,500.00
352,64a93cc293ffd3000977700b,7/8/2023,0:00,1,#20230708105603227,1,1,1,1,1,1,1,3545,3545,,?????,7/8/2024,1,500.00
353,649e866a265052000acbfd01,7/8/2023,0:00,1,#20230708110034240,1,1,1,1,1,1,1,1297,1297,,?????,7/8/2024,1,500.00
354,64a9412d0b0041000f73a437,7/8/2023,0:00,1,#20230708110311183,1,1,1,1,1,1,1,3479,3479,,?????,7/8/2024,1,500.00
355,6411722cffd6080001673d99,7/8/2023,0:00,1,#20230708110536756,1,1,1,1,1,1,1,1213,1213,,?????,7/8/2024,1,500.00
356,64a93f960cf7870012541548,7/8/2023,0:00,1,#20230708110838870,1,1,1,1,1,1,1,3380,3380,,?????,7/8/2024,1,500.00
357,64a9412f8c87d20012cf3c49,7/8/2023,0:00,1,#20230708111201409,1,1,1,1,1,1,1,3480,3480,,?????,7/8/2024,1,500.00
358,64a94332f5ad44001299d464,7/8/2023,0:00,1,#20230708111206448,1,1,1,1,1,1,1,3280,3280,,?????,7/8/2024,1,500.00
359,64a94291eba0a600126733c5,7/8/2023,0:00,1,#20230708111658610,1,1,1,1,1,1,1,3480,3480,,?????,7/8/2024,1,500.00
360,64563545956765000fa38f1e,7/8/2023,0:00,1,#20230708111730122,1,1,1,1,1,1,1,2661,2661,,?????,7/8/2024,1,500.00
361,64a945d402f435000fc2fea5,7/8/2023,0:00,1,#20230708112228602,1,1,1,1,1,1,1,3180,3180,,?????,7/8/2024,1,500.00
362,64a9426bbdcf050012e090f4,7/8/2023,0:00,1,#20230708112541789,1,1,1,1,1,1,1,3583,3583,,?????,7/8/2024,1,500.00
363,64a94422b68c090009df27c7,7/8/2023,0:00,1,#20230708113654582,1,1,1,1,1,1,1,3380,3380,,?????,7/8/2024,1,500.00
364,64a949af108d81000f184772,7/8/2023,0:00,1,#20230708113923467,1,1,1,1,1,1,1,2980,2980,,?????,7/8/2024,1,500.00
365,64a9466c68f68c00097396ba,7/8/2023,0:00,1,#20230708114217520,1,1,1,1,1,1,1,3180,3180,,?????,7/8/2024,1,500.00
366,64a948ea207e06000f90cac5,7/8/2023,0:00,1,#20230708114250754,1,1,1,1,1,1,1,3480,3480,,?????,7/8/2024,1,500.00
367,641a58801b508800014c9b49,7/8/2023,0:00,1,#20230708114532730,1,1,1,1,1,1,1,3480,3480,,?????,7/8/2024,1,500.00
368,64a945d1dfe522000c15729d,7/8/2023,0:00,1,#20230708115238672,1,1,1,1,1,1,1,3380,3380,,?????,7/8/2024,1,500.00
369,64a9488193ffd3000c777013,7/8/2023,0:00,1,#20230708115404836,1,1,1,1,1,1,1,7119,7119,,?????,7/8/2024,1,500.00
370,64a94dd9739307000f131f00,7/8/2023,0:00,1,#20230708120050359,1,1,1,1,1,1,1,3480,3480,,?????,7/8/2024,1,500.00
371,64a94f23c980e8000fa35848,7/8/2023,0:00,1,#20230708120056394,1,1,1,1,1,1,1,3480,3480,,?????,7/8/2024,1,500.00
372,64a94404f06322000f2f518d,7/8/2023,0:00,1,#20230708120139981,1,1,1,1,1,1,1,3280,3280,,?????,7/8/2024,1,500.00
373,64a94eef5f88b1000c2b6b1b,7/8/2023,0:00,1,#20230708120238667,1,1,1,1,1,1,1,3380,3380,,?????,7/8/2024,1,500.00
374,641170ead846120001e685a3,7/8/2023,0:00,1,#20230708120245721,1,1,1,1,1,1,1,3430,3430,,?????,7/8/2024,1,500.00
375,64a94f0c504c00000f55cce2,7/8/2023,0:00,1,#20230708120516618,1,1,1,1,1,1,1,3180,3180,,?????,7/8/2024,1,500.00
376,64a950ce6b6aea00095c6dce,7/8/2023,0:00,1,#20230708120610272,1,1,1,1,1,1,1,1422,1422,,?????,7/8/2024,1,500.00
377,641a58cb63f26c00014667bf,7/8/2023,0:00,1,#20230708121424978,1,1,1,1,1,1,1,3539,3539,,?????,7/8/2024,1,500.00
378,641165643ce5b000018c3202,7/8/2023,0:00,1,#20230708121607251,1,1,1,1,1,1,1,3509,3509,,?????,7/8/2024,1,500.00
379,64a950384842bb0012f9d101,7/8/2023,0:00,1,#20230708122115811,1,1,1,1,1,1,1,3480,3480,,?????,7/8/2024,1,500.00
380,64a954a9606c6d001203b7d7,7/8/2023,0:00,1,#20230708122439074,1,1,1,1,1,1,1,3180,3180,,?????,7/8/2024,1,500.00
381,644d392840ef67000f7e50bf,7/8/2023,0:00,1,#20230708122507551,1,1,1,1,1,1,1,7563,7563,,?????,7/8/2024,1,500.00
382,64a956828c8a5c00094ebd28,7/8/2023,0:00,1,#20230708123143009,1,1,1,1,1,1,1,3380,3380,,?????,7/8/2024,1,500.00
383,64a95602bb43b500096b2606,7/8/2023,0:00,1,#20230708123246724,1,1,1,1,1,1,1,3480,3480,,?????,7/8/2024,1,500.00
384,64a95558aba7c3000f0a67f4,7/8/2023,0:00,1,#20230708123314200,1,1,1,1,1,1,1,3480,3480,,?????,7/8/2024,1,500.00
385,64a95793aba7c300090a6808,7/8/2023,0:00,1,#20230708123553873,1,1,1,1,1,1,1,1422,1422,,?????,7/8/2024,1,500.00
386,64116af13ce5b000018c6cfd,7/8/2023,0:00,1,#20230708123709967,1,1,1,1,1,1,1,3180,3180,,?????,7/8/2024,1,500.00
387,64a956e88c8a5c00124ebd2a,7/8/2023,0:00,1,#20230708123828800,1,1,1,1,1,1,1,3380,3380,,?????,7/8/2024,1,500.00
388,64a955bb70c7c4001271a0c5,7/8/2023,0:00,1,#20230708123928500,1,1,1,1,1,1,1,3479,3479,,?????,7/8/2024,1,500.00
389,64a95592dbbbe0000c8e5679,7/8/2023,0:00,1,#20230708124023165,1,1,1,1,1,1,1,2980,2980,,?????,7/8/2024,1,500.00
390,64a955c8426f8e000ce57c10,7/8/2023,0:00,1,#20230708124204430,1,1,1,1,1,1,1,3180,3180,,?????,7/8/2024,1,500.00
391,64a958f3fb4e920009d8e4cf,7/8/2023,0:00,1,#20230708124733133,1,1,1,1,1,1,1,3380,3380,,?????,7/8/2024,1,500.00
392,64a959157389ac000f98a252,7/8/2023,0:00,1,#20230708124757300,1,1,1,1,1,1,1,1422,1422,,?????,7/8/2024,1,500.00
393,64a95965ad53da0012646d60,7/8/2023,0:00,1,#20230708125018128,1,1,1,1,1,1,1,3878,3878,,?????,7/8/2024,1,500.00
394,64a95a8602a87e0009df48b5,7/8/2023,0:00,1,#20230708125344410,1,1,1,1,1,1,1,3580,3580,,?????,7/8/2024,1,500.00
395,64a95a5372d880000c30b6e0,7/8/2023,0:00,1,#20230708125936556,1,1,1,1,1,1,1,7459,7459,,?????,7/8/2024,1,500.00
396,649d5010d6258e000c74519c,7/8/2023,0:00,1,#20230708130015107,1,1,1,1,1,1,1,3130,3130,,?????,7/8/2024,1,500.00
397,64a95b82394a4e0011babf36,7/8/2023,0:00,1,#20230708130515609,1,1,1,1,1,1,1,3380,3380,,?????,7/8/2024,1,500.00
398,64a9612c61066b000c5eac40,7/8/2023,0:00,1,#20230708131852970,1,1,1,1,1,1,1,3280,3280,,?????,7/8/2024,1,500.00
399,64a960b88c60d500096f4d84,7/8/2023,0:00,1,#20230708131858016,1,1,1,1,1,1,1,3739,3739,,?????,7/8/2024,1,500.00
400,64a96093c8329b000fdf15c7,7/8/2023,0:00,1,#20230708132016117,1,1,1,1,1,1,1,6460,6460,,?????,7/8/2024,1,500.00
401,64116b01d846120001e5ae1e,7/8/2023,0:00,1,#20230708132401811,1,1,1,1,1,1,1,3574,3574,,?????,7/8/2024,1,500.00
402,64a95cb906406000122f2504,7/8/2023,0:00,1,#20230708132609267,1,1,1,1,1,1,1,3579,3579,,?????,7/8/2024,1,500.00
403,64116b01d846120001e5ae1e,7/8/2023,0:00,1,#20230708133123865,1,1,1,1,1,1,1,199,199,,?????,7/8/2024,1,500.00
404,64a955bb70c7c4001271a0c5,7/8/2023,0:00,1,#20230708133220544,1,1,1,1,1,1,1,3479,3479,,?????,7/8/2024,1,500.00
405,64a95eb3bee1e400085ecbda,7/8/2023,0:00,1,#20230708133847931,1,1,1,1,1,1,1,3280,3280,,?????,7/8/2024,1,500.00
406,64a9493396fff6000c26b665,7/8/2023,0:00,1,#20230708134239685,1,1,1,1,1,1,1,3380,3380,,?????,7/8/2024,1,500.00
407,64a966d96ff5fa0009a8fae6,7/8/2023,0:00,1,#20230708134240688,1,1,1,1,1,1,1,2980,2980,,?????,7/8/2024,1,500.00
408,64a96f9ece7bec000ff877bd,7/8/2023,0:00,1,#20230708142634440,1,1,1,1,1,1,1,2980,2980,,?????,7/8/2024,1,500.00
409,64a96d71bc1d00000c76a4bf,7/8/2023,0:00,1,#20230708142711981,1,1,1,1,1,1,1,3380,3380,,?????,7/8/2024,1,500.00
410,64a966ffe0bff7000939ad52,7/9/2023,0:00,1,#20230709025112788,1,1,1,1,1,1,1,3480,3480,,?????,7/9/2024,1,500.00
411,64aa207a0380ba000849f229,7/9/2023,0:00,1,#20230709025827799,1,1,1,1,1,1,1,3480,3480,,?????,7/9/2024,1,500.00
412,64aa26b1b8d556000c55a9e6,7/9/2023,0:00,1,#20230709032221549,1,1,1,1,1,1,1,3380,3380,,?????,7/9/2024,1,500.00
413,64aa26f86050c8000f6fc6b2,7/9/2023,0:00,1,#20230709032516614,1,1,1,1,1,1,1,3180,3180,,?????,7/9/2024,1,500.00
414,64aa27d15072350012ce4838,7/9/2023,0:00,1,#20230709032530714,1,1,1,1,1,1,1,3580,3580,,?????,7/9/2024,1,500.00
415,64aa27521bcf8e0012530ebd,7/9/2023,0:00,1,#20230709032538770,1,1,1,1,1,1,1,3480,3480,,?????,7/9/2024,1,500.00
416,64aa27c61b855f000f0509ae,7/9/2023,0:00,1,#20230709032729105,1,1,1,1,1,1,1,3380,3380,,?????,7/9/2024,1,500.00
417,64aa24a55800a0000f306b13,7/9/2023,0:00,1,#20230709033243709,1,1,1,1,1,1,1,3180,3180,,?????,7/9/2024,1,500.00
418,6421451f8c87fe0001987ff9,7/9/2023,0:00,1,#20230709033330312,1,1,1,1,1,1,1,4228,4228,,?????,7/9/2024,1,500.00
419,64aa2a4a7bb9450009a6ea6f,7/9/2023,0:00,1,#20230709033822758,1,1,1,1,1,1,1,3180,3180,,?????,7/9/2024,1,500.00
420,64aa28850642b4000fc596a1,7/9/2023,0:00,1,#20230709034032225,1,1,1,1,1,1,1,4318,4318,,?????,7/9/2024,1,500.00
421,64aa2a1da34d35000eaecb5f,7/9/2023,0:00,1,#20230709034409864,1,1,1,1,1,1,1,3180,3180,,?????,7/9/2024,1,500.00
422,64aa2889f6538f0009085643,7/9/2023,0:00,1,#20230709035023167,1,1,1,1,1,1,1,3480,3480,,?????,7/9/2024,1,500.00
423,64aa2e2d036f3b001238ec80,7/9/2023,0:00,1,#20230709035250752,1,1,1,1,1,1,1,1422,1422,,?????,7/9/2024,1,500.00
424,64aa2dd92c41b4000caf8ed0,7/9/2023,0:00,1,#20230709035740188,1,1,1,1,1,1,1,4268,4268,,?????,7/9/2024,1,500.00
425,641160483ce5b000018bf4aa,7/9/2023,0:00,1,#20230709035756300,1,1,1,1,1,1,1,3380,3380,,?????,7/9/2024,1,500.00
426,64aa310da48f10000956d964,7/9/2023,0:00,1,#20230709040647531,1,1,1,1,1,1,1,3380,3380,,?????,7/9/2024,1,500.00
427,64aa31da703ab7000c6b8234,7/9/2023,0:00,1,#20230709040810671,1,1,1,1,1,1,1,3480,3480,,?????,7/9/2024,1,500.00
428,64aa2f81f814e2000c0bab7b,7/9/2023,0:00,1,#20230709040838870,1,1,1,1,1,1,1,3380,3380,,?????,7/9/2024,1,500.00
429,64aa31d16b33f000124724f1,7/9/2023,0:00,1,#20230709040906344,1,1,1,1,1,1,1,3180,3180,,?????,7/9/2024,1,500.00
430,64aa33a671ea1c00097d5d13,7/9/2023,0:00,1,#20230709041659615,1,1,1,1,1,1,1,3480,3480,,?????,7/9/2024,1,500.00
431,64aa30a3cbf056000953e839,7/9/2023,0:00,1,#20230709041829807,1,1,1,1,1,1,1,3180,3180,,?????,7/9/2024,1,500.00
432,64aa34ec931f0b000c227ce7,7/9/2023,0:00,1,#20230709042433033,1,1,1,1,1,1,1,3280,3280,,?????,7/9/2024,1,500.00
433,64aa365981e1c8001205bd9a,7/9/2023,0:00,1,#20230709042754280,1,1,1,1,1,1,1,3380,3380,,?????,7/9/2024,1,500.00
434,64117507d846120001e6f660,7/9/2023,0:00,1,#20230709042808662,1,1,1,1,1,1,1,3380,3380,,?????,7/9/2024,1,500.00
435,64a66679c11a0d001298bd08,7/9/2023,0:00,1,#20230709043100702,1,1,1,1,1,1,1,3280,3280,,?????,7/9/2024,1,500.00
436,64369d7b27f25a0009bc7437,7/9/2023,0:00,1,#20230709043536756,1,1,1,1,1,1,1,3580,3580,,?????,7/9/2024,1,500.00
437,64aa38d3bfa021000cc9c494,7/9/2023,0:00,1,#20230709043625377,1,1,1,1,1,1,1,1152,1152,,?????,7/9/2024,1,500.00
438,64aa38a2f8c39e00122b429a,7/9/2023,0:00,1,#20230709043737163,1,1,1,1,1,1,1,3738,3738,,?????,7/9/2024,1,500.00
439,64aa382da1108c000bb38e74,7/9/2023,0:00,1,#20230709043809669,1,1,1,1,1,1,1,2980,2980,,?????,7/9/2024,1,500.00
440,6411737d3ce5b000018db435,7/9/2023,0:00,1,#20230709044049347,1,1,1,1,1,1,1,3180,3180,,?????,7/9/2024,1,500.00
441,64116e7fffd608000166e20b,7/9/2023,0:00,1,#20230709044339375,1,1,1,1,1,1,1,6960,6960,,?????,7/9/2024,1,500.00
442,64aa3aa64424f0000b121f48,7/9/2023,0:00,1,#20230709044508560,1,1,1,1,1,1,1,3580,3580,,?????,7/9/2024,1,500.00
443,64116fb1ffd608000166eb34,7/9/2023,0:00,1,#20230709044726083,1,1,1,1,1,1,1,3216,3216,,?????,7/9/2024,1,500.00
444,64aa3aa5c8ac95000913df0d,7/9/2023,0:00,1,#20230709044802616,1,1,1,1,1,1,1,3180,3180,,?????,7/9/2024,1,500.00
445,64aa389f499391000cff240d,7/9/2023,0:00,1,#20230709044807653,1,1,1,1,1,1,1,3280,3280,,?????,7/9/2024,1,500.00
446,64a4eaa424f798000fc94a26,7/9/2023,0:00,1,#20230709045018127,1,1,1,1,1,1,1,250,250,,?????,7/9/2024,1,500.00
447,64aa3bf28d4287000f83f797,7/9/2023,0:00,1,#20230709045223565,1,1,1,1,1,1,1,3580,3580,,?????,7/9/2024,1,500.00
448,64aa3c32930d820011b25e1e,7/9/2023,0:00,1,#20230709045356494,1,1,1,1,1,1,1,3380,3380,,?????,7/9/2024,1,500.00
449,64aa298e454e7a000cc73e22,7/9/2023,0:00,1,#20230709045459217,1,1,1,1,1,1,1,1422,1422,,?????,7/9/2024,1,500.00
450,641a57c67e7bbc0001a3a6b4,7/9/2023,0:00,1,#20230709045804632,1,1,1,1,1,1,1,2016,2016,,?????,7/9/2024,1,500.00
451,64aa3d8c249aed000f133e4a,7/9/2023,0:00,1,#20230709050634442,1,1,1,1,1,1,1,3180,3180,,?????,7/9/2024,1,500.00
452,64aa3f082e26252b6de410d8,7/9/2023,0:00,1,#20230709050655589,1,1,1,1,1,1,1,3180,3180,,?????,7/9/2024,1,500.00
453,64aa3ff10807b2000ce0b210,7/9/2023,0:00,1,#20230709051456198,1,1,1,1,1,1,1,3480,3480,,?????,7/9/2024,1,500.00
454,64aa417a3bce8a000f4c7ca8,7/9/2023,0:00,1,#20230709051517623,1,1,1,1,1,1,1,3280,3280,,?????,7/9/2024,1,500.00
455,64aa3ebf18322631e75dac37,7/9/2023,0:00,1,#20230709051534742,1,1,1,1,1,1,1,4367,4367,,?????,7/9/2024,1,500.00
456,64aa401c6050c8000c6fc6bd,7/9/2023,0:00,1,#20230709051720048,1,1,1,1,1,1,1,3380,3380,,?????,7/9/2024,1,500.00
457,64aa407d65acf80009556139,7/9/2023,0:00,1,#20230709052028200,1,1,1,1,1,1,1,3380,3380,,?????,7/9/2024,1,500.00
458,64aa401c6050c8000c6fc6bd,7/9/2023,0:00,1,#20230709052243705,1,1,1,1,1,1,1,499,499,,?????,7/9/2024,1,500.00
459,64aa4324cf5601000cb2c6ed,7/9/2023,0:00,1,#20230709052712994,1,1,1,1,1,1,1,3480,3480,,?????,7/9/2024,1,500.00
460,6411607e3ce5b000018c092d,7/9/2023,0:00,1,#20230709053147035,1,1,1,1,1,1,1,3339,3339,,?????,7/9/2024,1,500.00
461,6411718be052ee000114dd7e,7/9/2023,0:00,1,#20230709053256794,1,1,1,1,1,1,1,3180,3180,,?????,7/9/2024,1,500.00
462,64aa435c2bc81200090594e2,7/9/2023,0:00,1,#20230709053305139,1,1,1,1,1,1,1,4014,4014,,?????,7/9/2024,1,500.00
463,64aa434cb75b09001282de64,7/9/2023,0:00,1,#20230709053430012,1,1,1,1,1,1,1,1422,1422,,?????,7/9/2024,1,500.00
464,64aa4442a88fb00012b7a8a6,7/9/2023,0:00,1,#20230709053615310,1,1,1,1,1,1,1,3480,3480,,?????,7/9/2024,1,500.00
465,6466f03dd4d80d00098839b2,7/9/2023,0:00,1,#20230709053946625,1,1,1,1,1,1,1,43,43,,?????,7/9/2024,1,500.00
466,64aa44ed1bcf8e0012530ecf,7/9/2023,0:00,1,#20230709054007053,1,1,1,1,1,1,1,3280,3280,,?????,7/9/2024,1,500.00
467,6453ba687131b6000ae449f3,7/9/2023,0:00,1,#20230709054111781,1,1,1,1,1,1,1,6560,6560,,?????,7/9/2024,1,500.00
468,64aa4634deb5b800094b94ce,7/9/2023,0:00,1,#20230709054155087,1,1,1,1,1,1,1,4067,4067,,?????,7/9/2024,1,500.00
469,64aa46a3ef17c30012e5050e,7/9/2023,0:00,1,#20230709054645523,1,1,1,1,1,1,1,3380,3380,,?????,7/9/2024,1,500.00
470,64aa4425c7d479000f0932c9,7/9/2023,0:00,1,#20230709054647535,1,1,1,1,1,1,1,3380,3380,,?????,7/9/2024,1,500.00
471,64aa47897c2ab9000f29d395,7/9/2023,0:00,1,#20230709054656596,1,1,1,1,1,1,1,3580,3580,,?????,7/9/2024,1,500.00
472,64a914bb402129001263bd7d,7/9/2023,0:00,1,#20230709054900302,1,1,1,1,1,1,1,3379,3379,,?????,7/9/2024,1,500.00
473,641a58ba7e7bbc0001a3ccd3,7/9/2023,0:00,1,#20230709054921451,1,1,1,1,1,1,1,3380,3380,,?????,7/9/2024,1,500.00
474,64aa4768c66e610009df52aa,7/9/2023,0:00,1,#20230709054940584,1,1,1,1,1,1,1,3180,3180,,?????,7/9/2024,1,500.00
475,64aa49d6db9f380009a68055,7/9/2023,0:00,1,#20230709055055389,1,1,1,1,1,1,1,3480,3480,,?????,7/9/2024,1,500.00
476,64aa4a2a18322600095dace0,7/9/2023,0:00,1,#20230709055203427,1,1,1,1,1,1,1,3679,3679,,?????,7/9/2024,1,500.00
477,64aa47d1ab96260009701ada,7/9/2023,0:00,1,#20230709055359517,1,1,1,1,1,1,1,3180,3180,,?????,7/9/2024,1,500.00
478,64aa4b99a2fae0000c531c1a,7/9/2023,0:00,1,#20230709055654579,1,1,1,1,1,1,1,3180,3180,,?????,7/9/2024,1,500.00
479,64aa4932f96391000c0f16c7,7/9/2023,0:00,1,#20230709055707955,1,1,1,1,1,1,1,3280,3280,,?????,7/9/2024,1,500.00
480,64aa452acd52ea00128152ba,7/9/2023,0:00,1,#20230709055741192,1,1,1,1,1,1,1,3280,3280,,?????,7/9/2024,1,500.00
481,64aa4c211bcf8e0012530ed3,7/9/2023,0:00,1,#20230709055817721,1,1,1,1,1,1,1,2980,2980,,?????,7/9/2024,1,500.00
482,64aa49dc3d1dd3000cd0eda4,7/9/2023,0:00,1,#20230709055905339,1,1,1,1,1,1,1,3380,3380,,?????,7/9/2024,1,500.00
483,64aa4c79643903000c68c166,7/9/2023,0:00,1,#20230709060105737,1,1,1,1,1,1,1,3180,3180,,?????,7/9/2024,1,500.00
484,64aa480a067e510012a352b3,7/9/2023,0:00,1,#20230709060108758,1,1,1,1,1,1,1,6760,6760,,?????,7/9/2024,1,500.00
485,64aa4c56a2fae00009531c1d,7/9/2023,0:00,1,#20230709060149047,1,1,1,1,1,1,1,3380,3380,,?????,7/9/2024,1,500.00
486,64aa4c703dc530000c7f3cfd,7/9/2023,0:00,1,#20230709060235651,1,1,1,1,1,1,1,2980,2980,,?????,7/9/2024,1,500.00
487,64aa4b8ec85c4c0012432b4d,7/9/2023,0:00,1,#20230709060242696,1,1,1,1,1,1,1,3380,3380,,?????,7/9/2024,1,500.00
488,641174ca3ce5b000018dd3ae,7/9/2023,0:00,1,#20230709060252770,1,1,1,1,1,1,1,562,562,,?????,7/9/2024,1,500.00
489,64aa42600e40e9000c65511e,7/9/2023,0:00,1,#20230709060516616,1,1,1,1,1,1,1,3480,3480,,?????,7/9/2024,1,500.00
490,64aa4a70dd4d51000f0e0db3,7/9/2023,0:00,1,#20230709060557903,1,1,1,1,1,1,1,3380,3380,,?????,7/9/2024,1,500.00
491,64aa485c81c7e10008ebf643,7/9/2023,0:00,1,#20230709060721051,1,1,1,1,1,1,1,3580,3580,,?????,7/9/2024,1,500.00
492,64aa4b90deb5b8000c4b94d6,7/9/2023,0:00,1,#20230709061103724,1,1,1,1,1,1,1,3345,3345,,?????,7/9/2024,1,500.00
493,64aa4ec585f59a0009c314b0,7/9/2023,0:00,1,#20230709061223564,1,1,1,1,1,1,1,3480,3480,,?????,7/9/2024,1,500.00
494,64aa4eac56d3a80009b17bbf,7/9/2023,0:00,1,#20230709061224580,1,1,1,1,1,1,1,2980,2980,,?????,7/9/2024,1,500.00
495,64116d12d846120001e61e2c,7/9/2023,0:00,1,#20230709061309167,1,1,1,1,1,1,1,3426,3426,,?????,7/9/2024,1,500.00
496,64aa4f5b7629a40012d9884d,7/9/2023,0:00,1,#20230709061517623,1,1,1,1,1,1,1,3480,3480,,?????,7/9/2024,1,500.00
497,64aa4ffe75aafb000ff74851,7/9/2023,0:00,1,#20230709061551865,1,1,1,1,1,1,1,2980,2980,,?????,7/9/2024,1,500.00
498,64aa45be4c75120009d4914c,7/9/2023,0:00,1,#20230709061734142,1,1,1,1,1,1,1,3180,3180,,?????,7/9/2024,1,500.00
499,64aa47d623acfb0009b85d85,7/9/2023,0:00,1,#20230709061932530,1,1,1,1,1,1,1,4432,4432,,?????,7/9/2024,1,500.00
500,64aa502c6b52e700128065d7,7/9/2023,0:00,1,#20230709062012086,1,1,1,1,1,1,1,3679,3679,,?????,7/9/2024,1,500.00
501,64aa506ba2a2b3000cf83089,7/9/2023,0:00,1,#20230709062217521,1,1,1,1,1,1,1,3180,3180,,?????,7/9/2024,1,500.00
502,64aa5136d1d1b4000fdf467a,7/9/2023,0:00,1,#20230709062229605,1,1,1,1,1,1,1,4198,4198,,?????,7/9/2024,1,500.00
503,64aa4e785ba72c000c154d6f,7/9/2023,0:00,1,#20230709062242701,1,1,1,1,1,1,1,6660,6660,,?????,7/9/2024,1,500.00
504,64aa50d8159bea000f0ee51a,7/9/2023,0:00,1,#20230709062418928,1,1,1,1,1,1,1,3380,3380,,?????,7/9/2024,1,500.00
505,64aa523e01d080000f283ee2,7/9/2023,0:00,1,#20230709062529711,1,1,1,1,1,1,1,539,539,,?????,7/9/2024,1,500.00
506,64aa5136d1d1b4000fdf467a,7/9/2023,0:00,1,#20230709062536760,1,1,1,1,1,1,1,3380,3380,,?????,7/9/2024,1,500.00
507,64aa521b636782000f7936df,7/9/2023,0:00,1,#20230709062547833,1,1,1,1,1,1,1,3580,3580,,?????,7/9/2024,1,500.00
508,64aa5193a9b4a80009ad046a,7/9/2023,0:00,1,#20230709062601212,1,1,1,1,1,1,1,3180,3180,,?????,7/9/2024,1,500.00
509,64aa4febb3514f0009698f6a,7/9/2023,0:00,1,#20230709062603225,1,1,1,1,1,1,1,3439,3439,,?????,7/9/2024,1,500.00
510,64aa4f2b244c530008d86dcc,7/9/2023,0:00,1,#20230709062824770,1,1,1,1,1,1,1,2980,2980,,?????,7/9/2024,1,500.00
511,64aa4d07d604ee0009a714ec,7/9/2023,0:00,1,#20230709062907359,1,1,1,1,1,1,1,3779,3779,,?????,7/9/2024,1,500.00
512,64aa528c2d756c000c08611c,7/9/2023,0:00,1,#20230709063014106,1,1,1,1,1,1,1,3180,3180,,?????,7/9/2024,1,500.00
513,64aa5324556b5b000fb1a91c,7/9/2023,0:00,1,#20230709063041291,1,1,1,1,1,1,1,3380,3380,,?????,7/9/2024,1,500.00
514,64aa529a9f4a32000fa30550,7/9/2023,0:00,1,#20230709063104734,1,1,1,1,1,1,1,3380,3380,,?????,7/9/2024,1,500.00
515,64aa5309c77589745f11cf9a,7/9/2023,0:00,1,#20230709063208466,1,1,1,1,1,1,1,3280,3280,,?????,7/9/2024,1,500.00
516,64aa53c08186690012e7b0b7,7/9/2023,0:00,1,#20230709063329308,1,1,1,1,1,1,1,5960,5960,,?????,7/9/2024,1,500.00
517,64aa544cba9547000e6c9ee3,7/9/2023,0:00,1,#20230709063356495,1,1,1,1,1,1,1,3280,3280,,?????,7/9/2024,1,500.00
518,64aa5638d3e9ca001255c55a,7/9/2023,0:00,1,#20230709064237663,1,1,1,1,1,1,1,6760,6760,,?????,7/9/2024,1,500.00
519,64116e75e052ee000114804f,7/9/2023,0:00,1,#20230709064250760,1,1,1,1,1,1,1,3380,3380,,?????,7/9/2024,1,500.00
520,64aa54fea3a1e20009f3bff9,7/9/2023,0:00,1,#20230709064251759,1,1,1,1,1,1,1,3180,3180,,?????,7/9/2024,1,500.00
521,64aa562780584a000c57412a,7/9/2023,0:00,1,#20230709064335347,1,1,1,1,1,1,1,1512,1512,,?????,7/9/2024,1,500.00
522,6468ae991c46a300098b194d,7/9/2023,0:00,1,#20230709064428002,1,1,1,1,1,1,1,149,149,,?????,7/9/2024,1,500.00
523,64aa44d3613cb3000f122af5,7/9/2023,0:00,1,#20230709064434048,1,1,1,1,1,1,1,6360,6360,,?????,7/9/2024,1,500.00
524,64aa5501cf2f900012576418,7/9/2023,0:00,1,#20230709064436056,1,1,1,1,1,1,1,3470,3470,,?????,7/9/2024,1,500.00
525,64aa5654407cf7000948e73a,7/9/2023,0:00,1,#20230709064645520,1,1,1,1,1,1,1,3580,3580,,?????,7/9/2024,1,500.00
526,64aa4b2fc2acb800128c9c23,7/9/2023,0:00,1,#20230709064708964,1,1,1,1,1,1,1,3380,3380,,?????,7/9/2024,1,500.00
527,64aa57167cd5dd00095d2e10,7/9/2023,0:00,1,#20230709064751261,1,1,1,1,1,1,1,2980,2980,,?????,7/9/2024,1,500.00
528,64aa4faf5a33580009037dd4,7/9/2023,0:00,1,#20230709064805639,1,1,1,1,1,1,1,3380,3380,,?????,7/9/2024,1,500.00
529,64116ae9d846120001e5a65b,7/9/2023,0:00,1,#20230709064812688,1,1,1,1,1,1,1,1422,1422,,?????,7/9/2024,1,500.00
530,64aa57f9635c2a00097c4d17,7/9/2023,0:00,1,#20230709064942596,1,1,1,1,1,1,1,3480,3480,,?????,7/9/2024,1,500.00
531,64aa420b989f7f001202a3aa,7/9/2023,0:00,1,#20230709064955697,1,1,1,1,1,1,1,6660,6660,,?????,7/9/2024,1,500.00
532,64aa579bc85c4c0009432b4b,7/9/2023,0:00,1,#20230709065042300,1,1,1,1,1,1,1,6560,6560,,?????,7/9/2024,1,500.00
533,64aa562d1fe3e1000c43c79c,7/9/2023,0:00,1,#20230709065150060,1,1,1,1,1,1,1,3380,3380,,?????,7/9/2024,1,500.00
534,6411651d22228900013281b0,7/9/2023,0:00,1,#20230709065308158,1,1,1,1,1,1,1,58,58,,?????,7/9/2024,1,500.00
535,64116e22e052ee00011471b1,7/9/2023,0:00,1,#20230709065527703,1,1,1,1,1,1,1,2756,2756,,?????,7/9/2024,1,500.00
536,64aa593e6e01a100121b91b7,7/9/2023,0:00,1,#20230709065555886,1,1,1,1,1,1,1,3380,3380,,?????,7/9/2024,1,500.00
537,641171a2ffd6080001672eaf,7/9/2023,0:00,1,#20230709065649545,1,1,1,1,1,1,1,3380,3380,,?????,7/9/2024,1,500.00
538,64aa58a0703ab700126b8243,7/9/2023,0:00,1,#20230709065709965,1,1,1,1,1,1,1,3480,3480,,?????,7/9/2024,1,500.00
539,64aa58a9cec3c7000c79672d,7/9/2023,0:00,1,#20230709070030215,1,1,1,1,1,1,1,3280,3280,,?????,7/9/2024,1,500.00
540,64aa59b1069fad0009c91e0e,7/9/2023,0:00,1,#20230709070048338,1,1,1,1,1,1,1,3580,3580,,?????,7/9/2024,1,500.00
541,64aa5a2db6dfd9001253b0f8,7/9/2023,0:00,1,#20230709070129909,1,1,1,1,1,1,1,3380,3380,,?????,7/9/2024,1,500.00
542,64aa5863eb37190009813c73,7/9/2023,0:00,1,#20230709070157103,1,1,1,1,1,1,1,3180,3180,,?????,7/9/2024,1,500.00
543,64aa58a0703ab700126b8243,7/9/2023,0:00,1,#20230709070211479,1,1,1,1,1,1,1,159,159,,?????,7/9/2024,1,500.00
544,64aa485db3514f000c698f7b,7/9/2023,0:00,1,#20230709070212486,1,1,1,1,1,1,1,3380,3380,,?????,7/9/2024,1,500.00
545,64116b99d846120001e5ce3e,7/9/2023,0:00,1,#20230709070341393,1,1,1,1,1,1,1,3016,3016,,?????,7/9/2024,1,500.00
546,64aa595c4a373f000c235c7f,7/9/2023,0:00,1,#20230709070342396,1,1,1,1,1,1,1,3439,3439,,?????,7/9/2024,1,500.00
547,64aa595cef17c3000ce50505,7/9/2023,0:00,1,#20230709070517631,1,1,1,1,1,1,1,3380,3380,,?????,7/9/2024,1,500.00
548,64aa5850c66e610012df52a8,7/9/2023,0:00,1,#20230709070647533,1,1,1,1,1,1,1,3480,3480,,?????,7/9/2024,1,500.00
549,64aa5c269a4be2000fd72a8f,7/9/2023,0:00,1,#20230709070706948,1,1,1,1,1,1,1,3480,3480,,?????,7/9/2024,1,500.00
550,6497f83bbd9dd2000f72289f,7/9/2023,0:00,1,#20230709070923469,1,1,1,1,1,1,1,5,5,,?????,7/9/2024,1,500.00
551,64aa5cbbcf2f900012576421,7/9/2023,0:00,1,#20230709071112790,1,1,1,1,1,1,1,3180,3180,,?????,7/9/2024,1,500.00
552,64aa5aa6ba0f0b000c7d79d4,7/9/2023,0:00,1,#20230709071551862,1,1,1,1,1,1,1,4602,4602,,?????,7/9/2024,1,500.00
553,64aa5d9874c348000b5ce284,7/9/2023,0:00,1,#20230709071757301,1,1,1,1,1,1,1,3380,3380,,?????,7/9/2024,1,500.00
554,64aa5a58062f344f013afb76,7/9/2023,0:00,1,#20230709071801619,1,1,1,1,1,1,1,4033,4033,,?????,7/9/2024,1,500.00
555,64aa5df4820820000cff7de4,7/9/2023,0:00,1,#20230709071816716,1,1,1,1,1,1,1,3180,3180,,?????,7/9/2024,1,500.00
556,64aa5e8b6bdd1d000ff66447,7/9/2023,0:00,1,#20230709071849945,1,1,1,1,1,1,1,6160,6160,,?????,7/9/2024,1,500.00
557,641a5a4e63f26c00014689d6,7/9/2023,0:00,1,#20230709072210474,1,1,1,1,1,1,1,3580,3580,,?????,7/9/2024,1,500.00
558,649fe35b0683bc0012485fdb,7/9/2023,0:00,1,#20230709072309171,1,1,1,1,1,1,1,330,330,,?????,7/9/2024,1,500.00
559,64aa5e69e11f0300097ffe75,7/9/2023,0:00,1,#20230709072315225,1,1,1,1,1,1,1,3180,3180,,?????,7/9/2024,1,500.00
560,64aa5f8076a57f001297f594,7/9/2023,0:00,1,#20230709072349447,1,1,1,1,1,1,1,3380,3380,,?????,7/9/2024,1,500.00
561,64aa5fd19cfcc7000b6eb58c,7/9/2023,0:00,1,#20230709072358514,1,1,1,1,1,1,1,629,629,,?????,7/9/2024,1,500.00
562,64aa5f13703ab700126b824b,7/9/2023,0:00,1,#20230709072500502,1,1,1,1,1,1,1,3675,3675,,?????,7/9/2024,1,500.00
563,64aa54d8fce9cc0012d0e320,7/9/2023,0:00,1,#20230709072833833,1,1,1,1,1,1,1,3380,3380,,?????,7/9/2024,1,500.00
564,64aa5955e0dd7a00127c7fea,7/9/2023,0:00,1,#20230709073219535,1,1,1,1,1,1,1,2980,2980,,?????,7/9/2024,1,500.00
565,64aa6200c85ba8000f24af04,7/9/2023,0:00,1,#20230709073224569,1,1,1,1,1,1,1,3979,3979,,?????,7/9/2024,1,500.00
566,64aa5c775a3358000c037dd5,7/9/2023,0:00,1,#20230709073303122,1,1,1,1,1,1,1,3180,3180,,?????,7/9/2024,1,500.00
567,64aa61c0dc7906000c1070c3,7/9/2023,0:00,1,#20230709073313195,1,1,1,1,1,1,1,3879,3879,,?????,7/9/2024,1,500.00
568,64aa5c1b56b83d00123bfe3e,7/9/2023,0:00,1,#20230709073344412,1,1,1,1,1,1,1,3280,3280,,?????,7/9/2024,1,500.00
569,64aa61a49e74b900092dbb05,7/9/2023,0:00,1,#20230709073439075,1,1,1,1,1,1,1,6560,6560,,?????,7/9/2024,1,500.00
570,64aa5e1f36b674000f77af72,7/9/2023,0:00,1,#20230709073439077,1,1,1,1,1,1,1,3380,3380,,?????,7/9/2024,1,500.00
571,64aa5efef7ef80000a3b42d9,7/9/2023,0:00,1,#20230709073514600,1,1,1,1,1,1,1,3580,3580,,?????,7/9/2024,1,500.00
572,64aa5dd07822e5000f827d4a,7/9/2023,0:00,1,#20230709073523664,1,1,1,1,1,1,1,3439,3439,,?????,7/9/2024,1,500.00
573,64116e17e052ee0001146dee,7/9/2023,0:00,1,#20230709073526683,1,1,1,1,1,1,1,2980,2980,,?????,7/9/2024,1,500.00
574,64aa601f7d9413000f92cf5c,7/9/2023,0:00,1,#20230709073634444,1,1,1,1,1,1,1,3579,3579,,?????,7/9/2024,1,500.00
575,64aa5fa5820820000cff7de8,7/9/2023,0:00,1,#20230709073634446,1,1,1,1,1,1,1,3380,3380,,?????,7/9/2024,1,500.00
576,6483c037b188b5000ceb0f6a,7/9/2023,0:00,1,#20230709073738174,1,1,1,1,1,1,1,3480,3480,,?????,7/9/2024,1,500.00
577,64a948ea207e06000f90cac5,7/9/2023,0:00,1,#20230709073920448,1,1,1,1,1,1,1,539,539,,?????,7/9/2024,1,500.00
578,64aa4a146635f7000f5b3a0e,7/9/2023,0:00,1,#20230709073920452,1,1,1,1,1,1,1,3480,3480,,?????,7/9/2024,1,500.00
579,64116cf736c3050001686551,7/9/2023,0:00,1,#20230709074016116,1,1,1,1,1,1,1,3380,3380,,?????,7/9/2024,1,500.00
580,64aa6415e41f2a000c0b3a1f,7/9/2023,0:00,1,#20230709074145017,1,1,1,1,1,1,1,3380,3380,,?????,7/9/2024,1,500.00
581,64aa5970c20e45000c7349c2,7/9/2023,0:00,1,#20230709074316216,1,1,1,1,1,1,1,3380,3380,,?????,7/9/2024,1,500.00
582,64aa5e1f36b674000f77af72,7/9/2023,0:00,1,#20230709074346428,1,1,1,1,1,1,1,405,405,,?????,7/9/2024,1,500.00
583,64aa5970c20e45000c7349c2,7/9/2023,0:00,1,#20230709074448138,1,1,1,1,1,1,1,3380,3380,,?????,7/9/2024,1,500.00
584,64aa63d51507cf000ce1a2be,7/9/2023,0:00,1,#20230709074451159,1,1,1,1,1,1,1,3339,3339,,?????,7/9/2024,1,500.00
585,64aa65027215ef0012c93299,7/9/2023,0:00,1,#20230709074639483,1,1,1,1,1,1,1,2980,2980,,?????,7/9/2024,1,500.00
586,64aa5ef57721810012af4af3,7/9/2023,0:00,1,#20230709074724070,1,1,1,1,1,1,1,3480,3480,,?????,7/9/2024,1,500.00
587,64aa61aef5ad44001299d504,7/9/2023,0:00,1,#20230709074811683,1,1,1,1,1,1,1,2980,2980,,?????,7/9/2024,1,500.00
588,64aa56cb75fe69000fd5533e,7/9/2023,0:00,1,#20230709074854985,1,1,1,1,1,1,1,6660,6660,,?????,7/9/2024,1,500.00
589,64aa65798a016a000e4476a1,7/9/2023,0:00,1,#20230709074946627,1,1,1,1,1,1,1,3339,3339,,?????,7/9/2024,1,500.00
590,64aa5db4f86c650012dbed76,7/9/2023,0:00,1,#20230709075009071,1,1,1,1,1,1,1,3380,3380,,?????,7/9/2024,1,500.00
591,64aa65851a606f000925ef71,7/9/2023,0:00,1,#20230709075601211,1,1,1,1,1,1,1,3380,3380,,?????,7/9/2024,1,500.00
592,64aa67255f97987ad1c369f3,7/9/2023,0:00,1,#20230709075647533,1,1,1,1,1,1,1,3500,3500,,?????,7/9/2024,1,500.00
593,64aa661fc5467b000fc0e964,7/9/2023,0:00,1,#20230709075726084,1,1,1,1,1,1,1,6625,6625,,?????,7/9/2024,1,500.00
594,64aa67437bb9450009a6ea92,7/9/2023,0:00,1,#20230709075815715,1,1,1,1,1,1,1,2980,2980,,?????,7/9/2024,1,500.00
595,64aa684fcd2e3c0012549dd6,7/9/2023,0:00,1,#20230709075849951,1,1,1,1,1,1,1,2980,2980,,?????,7/9/2024,1,500.00
596,641174873ce5b000018dc80e,7/9/2023,0:00,1,#20230709075916414,1,1,1,1,1,1,1,539,539,,?????,7/9/2024,1,500.00
597,6411752436c3050001696984,7/9/2023,0:00,1,#20230709080248738,1,1,1,1,1,1,1,3180,3180,,?????,7/9/2024,1,500.00
598,64aa636a8c313c000cad0a4b,7/9/2023,0:00,1,#20230709080342396,1,1,1,1,1,1,1,3380,3380,,?????,7/9/2024,1,500.00
599,647acbe54ba006000caeb827,7/9/2023,0:00,1,#20230709080356496,1,1,1,1,1,1,1,3073,3073,,?????,7/9/2024,1,500.00
600,64aa61472ca8520012aa106b,7/9/2023,0:00,1,#20230709080422957,1,1,1,1,1,1,1,3380,3380,,?????,7/9/2024,1,500.00
601,64116c4dd846120001e5f353,7/9/2023,0:00,1,#20230709080647531,1,1,1,1,1,1,1,3580,3580,,?????,7/9/2024,1,500.00
602,64aa69aca88fb0000fb7a8b6,7/9/2023,0:00,1,#20230709080721055,1,1,1,1,1,1,1,6960,6960,,?????,7/9/2024,1,500.00
603,64aa59ca1271a30012addd55,7/9/2023,0:00,1,#20230709080745217,1,1,1,1,1,1,1,3380,3380,,?????,7/9/2024,1,500.00
604,64576c9944ab1e0012b68dd9,7/9/2023,0:00,1,#20230709081022164,1,1,1,1,1,1,1,434,434,,?????,7/9/2024,1,500.00
605,64aa68d8402129000c63be31,7/9/2023,0:00,1,#20230709081031225,1,1,1,1,1,1,1,3280,3280,,?????,7/9/2024,1,500.00
606,64116c4dd846120001e5f353,7/9/2023,0:00,1,#20230709081126884,1,1,1,1,1,1,1,3280,3280,,?????,7/9/2024,1,500.00
607,641a58d57e7bbc0001a3d5ea,7/9/2023,0:00,1,#20230709081236660,1,1,1,1,1,1,1,3580,3580,,?????,7/9/2024,1,500.00
608,64aa6ad166672a65085671cd,7/9/2023,0:00,1,#20230709081526684,1,1,1,1,1,1,1,3380,3380,,?????,7/9/2024,1,500.00
609,64aa6d0b07ebfb00124ff835,7/9/2023,0:00,1,#20230709081928502,1,1,1,1,1,1,1,3180,3180,,?????,7/9/2024,1,500.00
610,64aa69aca88fb0000fb7a8b6,7/9/2023,0:00,1,#20230709081946624,1,1,1,1,1,1,1,3280,3280,,?????,7/9/2024,1,500.00
611,64aa6c14160ab4000c072948,7/9/2023,0:00,1,#20230709082003033,1,1,1,1,1,1,1,3180,3180,,?????,7/9/2024,1,500.00
612,641a57d97e7bbc0001a3acf9,7/9/2023,0:00,1,#20230709082034242,1,1,1,1,1,1,1,3380,3380,,?????,7/9/2024,1,500.00
613,64aa6d363914ad0012794c57,7/9/2023,0:00,1,#20230709082217527,1,1,1,1,1,1,1,3180,3180,,?????,7/9/2024,1,500.00
614,64aa5fd19cfcc7000b6eb58c,7/9/2023,0:00,1,#20230709082358512,1,1,1,1,1,1,1,3580,3580,,?????,7/9/2024,1,500.00
615,64aa5471ee05e10012a770e8,7/9/2023,0:00,1,#20230709082536756,1,1,1,1,1,1,1,3380,3380,,?????,7/9/2024,1,500.00
616,64aa444cddd982000c47b7e8,7/9/2023,0:00,1,#20230709082700902,1,1,1,1,1,1,1,4566,4566,,?????,7/9/2024,1,500.00
617,64aa6e407c16a30009dc3e7a,7/9/2023,0:00,1,#20230709082709967,1,1,1,1,1,1,1,3480,3480,,?????,7/9/2024,1,500.00
618,64aa6e983b3c7b0012864255,7/9/2023,0:00,1,#20230709082727103,1,1,1,1,1,1,1,3480,3480,,?????,7/9/2024,1,500.00
619,64aa6f13fc968c000cc13bef,7/9/2023,0:00,1,#20230709082920444,1,1,1,1,1,1,1,3180,3180,,?????,7/9/2024,1,500.00
620,64aa6f6f6bdd1d000ff66454,7/9/2023,0:00,1,#20230709083045317,1,1,1,1,1,1,1,1512,1512,,?????,7/9/2024,1,500.00
621,64aa6e407c16a30009dc3e7a,7/9/2023,0:00,1,#20230709083241689,1,1,1,1,1,1,1,1152,1152,,?????,7/9/2024,1,500.00
622,64aa6fa5dde4d600093fa76a,7/9/2023,0:00,1,#20230709083408858,1,1,1,1,1,1,1,3180,3180,,?????,7/9/2024,1,500.00
623,64116069d846120001e54b73,7/9/2023,0:00,1,#20230709083441095,1,1,1,1,1,1,1,6760,6760,,?????,7/9/2024,1,500.00
624,64aa6fcbbb214f000c3b0d7b,7/9/2023,0:00,1,#20230709083509565,1,1,1,1,1,1,1,3180,3180,,?????,7/9/2024,1,500.00
625,64aa5ace2e26250009e41162,7/9/2023,0:00,1,#20230709083715009,1,1,1,1,1,1,1,3180,3180,,?????,7/9/2024,1,500.00
626,64aa5c46edf198000932ab83,7/9/2023,0:00,1,#20230709083801613,1,1,1,1,1,1,1,6560,6560,,?????,7/9/2024,1,500.00
627,64116fb93ce5b000018d25c9,7/9/2023,0:00,1,#20230709083829806,1,1,1,1,1,1,1,6560,6560,,?????,7/9/2024,1,500.00
628,64aa5ee3008f630009011fbb,7/9/2023,0:00,1,#20230709083847931,1,1,1,1,1,1,1,3380,3380,,?????,7/9/2024,1,500.00
629,641174f0ffd6080001677f6d,7/9/2023,0:00,1,#20230709083933537,1,1,1,1,1,1,1,3580,3580,,?????,7/9/2024,1,500.00
630,64aa7055f16f7c000fd0fc3c,7/9/2023,0:00,1,#20230709083956694,1,1,1,1,1,1,1,3380,3380,,?????,7/9/2024,1,500.00
631,64aa63fd6e0e6d000f90cc74,7/9/2023,0:00,1,#20230709084034242,1,1,1,1,1,1,1,3445,3445,,?????,7/9/2024,1,500.00
632,64aa6a23e4bff5000cb6b13b,7/9/2023,0:00,1,#20230709084212488,1,1,1,1,1,1,1,3280,3280,,?????,7/9/2024,1,500.00
633,64339b933f685d0012f3faa8,7/9/2023,0:00,1,#20230709084230620,1,1,1,1,1,1,1,78,78,,?????,7/9/2024,1,500.00
634,64aa6a92c20e45000c7349ce,7/9/2023,0:00,1,#20230709084324271,1,1,1,1,1,1,1,3280,3280,,?????,7/9/2024,1,500.00
635,64aa6fe6108d81000c184823,7/9/2023,0:00,1,#20230709084438074,1,1,1,1,1,1,1,3280,3280,,?????,7/9/2024,1,500.00
636,64aa6c55a48f10001256d97d,7/9/2023,0:00,1,#20230709084443109,1,1,1,1,1,1,1,3580,3580,,?????,7/9/2024,1,500.00
637,64339b933f685d0012f3faa8,7/9/2023,0:00,1,#20230709084503522,1,1,1,1,1,1,1,59,59,,?????,7/9/2024,1,500.00
638,64aa6dc31b855f00120509ff,7/9/2023,0:00,1,#20230709084522660,1,1,1,1,1,1,1,3380,3380,,?????,7/9/2024,1,500.00
639,64aa7267412dd6000b8eb555,7/9/2023,0:00,1,#20230709084615313,1,1,1,1,1,1,1,3480,3480,,?????,7/9/2024,1,500.00
640,64aa6f314ed6170012562fd0,7/9/2023,0:00,1,#20230709084816714,1,1,1,1,1,1,1,3280,3280,,?????,7/9/2024,1,500.00
641,64aa738513a5cd000ccf5637,7/9/2023,0:00,1,#20230709084847935,1,1,1,1,1,1,1,2980,2980,,?????,7/9/2024,1,500.00
642,64aa708bf05fe800123a93cc,7/9/2023,0:00,1,#20230709085431031,1,1,1,1,1,1,1,6760,6760,,?????,7/9/2024,1,500.00
643,64aa6c5c4960540012e0c685,7/9/2023,0:00,1,#20230709085445119,1,1,1,1,1,1,1,2980,2980,,?????,7/9/2024,1,500.00
644,64116b8bd846120001e5cae8,7/9/2023,0:00,1,#20230709085523665,1,1,1,1,1,1,1,2980,2980,,?????,7/9/2024,1,500.00
645,64aa6d7cd4c76b000cd477d3,7/9/2023,0:00,1,#20230709085701911,1,1,1,1,1,1,1,3180,3180,,?????,7/9/2024,1,500.00
646,64aa750f5e8aad000cd7e8ab,7/9/2023,0:00,1,#20230709085820750,1,1,1,1,1,1,1,3580,3580,,?????,7/9/2024,1,500.00
647,64aa75d4afe09d6800341968,7/9/2023,0:00,1,#20230709090033235,1,1,1,1,1,1,1,3380,3380,,?????,7/9/2024,1,500.00
648,641a58d37e7bbc0001a3d53e,7/9/2023,0:00,1,#20230709090036254,1,1,1,1,1,1,1,3180,3180,,?????,7/9/2024,1,500.00
649,64aa6fe7774208000feb3738,7/9/2023,0:00,1,#20230709090213503,1,1,1,1,1,1,1,3380,3380,,?????,7/9/2024,1,500.00
650,64aa75e7313bde000cecd13f,7/9/2023,0:00,1,#20230709090339375,1,1,1,1,1,1,1,3480,3480,,?????,7/9/2024,1,500.00
651,64aa743a1507cf0009e1a2d1,7/9/2023,0:00,1,#20230709090404832,1,1,1,1,1,1,1,7059,7059,,?????,7/9/2024,1,500.00
652,64aa6f8cee8e7c0009a1352a,7/9/2023,0:00,1,#20230709090449147,1,1,1,1,1,1,1,2980,2980,,?????,7/9/2024,1,500.00
653,64aa6f8678d11b000936de84,7/9/2023,0:00,1,#20230709090527699,1,1,1,1,1,1,1,3580,3580,,?????,7/9/2024,1,500.00
654,64aa7657c92c32000fa4cca6,7/9/2023,0:00,1,#20230709090539775,1,1,1,1,1,1,1,2980,2980,,?????,7/9/2024,1,500.00
655,64aa774f82f3fe000cd61452,7/9/2023,0:00,1,#20230709090616324,1,1,1,1,1,1,1,3280,3280,,?????,7/9/2024,1,500.00
656,64aa74089d4392000f0e9894,7/9/2023,0:00,1,#20230709090622358,1,1,1,1,1,1,1,3380,3380,,?????,7/9/2024,1,500.00
657,64210d2a080a50000ceaa2e5,7/9/2023,0:00,1,#20230709090731121,1,1,1,1,1,1,1,817,817,,?????,7/9/2024,1,500.00
658,64aa78ce9cdc6500099ea183,7/9/2023,0:00,1,#20230709090904334,1,1,1,1,1,1,1,3580,3580,,?????,7/9/2024,1,500.00
659,64aa6c0c1a606f001225ef77,7/9/2023,0:00,1,#20230709091001009,1,1,1,1,1,1,1,3480,3480,,?????,7/9/2024,1,500.00
660,641172493ce5b000018d9634,7/9/2023,0:00,1,#20230709091042306,1,1,1,1,1,1,1,1422,1422,,?????,7/9/2024,1,500.00
661,64116b7d222289000132dc23,7/9/2023,0:00,1,#20230709091236654,1,1,1,1,1,1,1,199,199,,?????,7/9/2024,1,500.00
662,642145212740dc0001f129d9,7/9/2023,0:00,1,#20230709091448138,1,1,1,1,1,1,1,4019,4019,,?????,7/9/2024,1,500.00
663,64aa6cce9484c7001230db34,7/9/2023,0:00,1,#20230709091455191,1,1,1,1,1,1,1,3580,3580,,?????,7/9/2024,1,500.00
664,64aa78c488a977000ca00c87,7/9/2023,0:00,1,#20230709091651558,1,1,1,1,1,1,1,6560,6560,,?????,7/9/2024,1,500.00
665,64aa79e5d2f5a600128ec2bb,7/9/2023,0:00,1,#20230709091732126,1,1,1,1,1,1,1,3180,3180,,?????,7/9/2024,1,500.00
666,642145212740dc0001f129d9,7/9/2023,0:00,1,#20230709092137965,1,1,1,1,1,1,1,539,539,,?????,7/9/2024,1,500.00
667,64aa79aaa1108c0011b38e8e,7/9/2023,0:00,1,#20230709092215508,1,1,1,1,1,1,1,3180,3180,,?????,7/9/2024,1,500.00
668,64aa79959cbba40012729856,7/9/2023,0:00,1,#20230709092226584,1,1,1,1,1,1,1,3380,3380,,?????,7/9/2024,1,500.00
669,64aa7a5f7b52f4000f407814,7/9/2023,0:00,1,#20230709092233637,1,1,1,1,1,1,1,4117,4117,,?????,7/9/2024,1,500.00
670,64aa7bbb930d820011b25e43,7/9/2023,0:00,1,#20230709092350454,1,1,1,1,1,1,1,539,539,,?????,7/9/2024,1,500.00
671,64aa7ac472f9d90012a030e6,7/9/2023,0:00,1,#20230709092514600,1,1,1,1,1,1,1,3180,3180,,?????,7/9/2024,1,500.00
672,64aa71e34699a4000f4ab91e,7/9/2023,0:00,1,#20230709092526684,1,1,1,1,1,1,1,2980,2980,,?????,7/9/2024,1,500.00
673,641170ad222289000133713d,7/9/2023,0:00,1,#20230709092848938,1,1,1,1,1,1,1,3180,3180,,?????,7/9/2024,1,500.00
674,64aa7d7b86f88300097b664c,7/9/2023,0:00,1,#20230709093148042,1,1,1,1,1,1,1,3180,3180,,?????,7/9/2024,1,500.00
675,64aa7dca39c0180012a0fcaf,7/9/2023,0:00,1,#20230709093533739,1,1,1,1,1,1,1,3480,3480,,?????,7/9/2024,1,500.00
676,64aa7dc376761e000a208359,7/9/2023,0:00,1,#20230709093623367,1,1,1,1,1,1,1,3380,3380,,?????,7/9/2024,1,500.00
677,64aa7d65a9656f000f6202e1,7/9/2023,0:00,1,#20230709093716014,1,1,1,1,1,1,1,3180,3180,,?????,7/9/2024,1,500.00
678,64aa7f97a9656f000c6202f3,7/9/2023,0:00,1,#20230709093920442,1,1,1,1,1,1,1,6460,6460,,?????,7/9/2024,1,500.00
679,64aa7c9c22795b000ebceca7,7/9/2023,0:00,1,#20230709093931518,1,1,1,1,1,1,1,3380,3380,,?????,7/9/2024,1,500.00
680,64116bd4ffd6080001668ed9,7/9/2023,0:00,1,#20230709093937565,1,1,1,1,1,1,1,3579,3579,,?????,7/9/2024,1,500.00
681,64aa7f97a9656f000c6202f3,7/9/2023,0:00,1,#20230709094440086,1,1,1,1,1,1,1,629,629,,?????,7/9/2024,1,500.00
682,64aa7f9d703ab700126b8263,7/9/2023,0:00,1,#20230709094540784,1,1,1,1,1,1,1,3280,3280,,?????,7/9/2024,1,500.00
683,64aa8140e368d5000aa4a3fb,7/9/2023,0:00,1,#20230709094625377,1,1,1,1,1,1,1,3380,3380,,?????,7/9/2024,1,500.00
684,64aa820ecf2f900009576437,7/9/2023,0:00,1,#20230709095109771,1,1,1,1,1,1,1,3280,3280,,?????,7/9/2024,1,500.00
685,64aa81b952c35d000fbdb6e1,7/9/2023,0:00,1,#20230709095145021,1,1,1,1,1,1,1,3180,3180,,?????,7/9/2024,1,500.00
686,64aa820ecf2f900009576437,7/9/2023,0:00,1,#20230709095503522,1,1,1,1,1,1,1,398,398,,?????,7/9/2024,1,500.00
687,64aa82b7fa46c1000fe79600,7/9/2023,0:00,1,#20230709095543805,1,1,1,1,1,1,1,4114,4114,,?????,7/9/2024,1,500.00
688,64aa830f39c018000fa0fcb9,7/9/2023,0:00,1,#20230709100015109,1,1,1,1,1,1,1,3280,3280,,?????,7/9/2024,1,500.00
689,64aa83f466672a001256726e,7/9/2023,0:00,1,#20230709100049345,1,1,1,1,1,1,1,3719,3719,,?????,7/9/2024,1,500.00
690,64aa853785f59a000cc314e2,7/9/2023,0:00,1,#20230709100501509,1,1,1,1,1,1,1,3280,3280,,?????,7/9/2024,1,500.00
691,64aa88bd4c75120012d4916c,7/9/2023,0:00,1,#20230709101716020,1,1,1,1,1,1,1,3180,3180,,?????,7/9/2024,1,500.00
692,64a15a9bd3d11a000cdc3c7d,7/9/2023,0:00,1,#20230709101748240,1,1,1,1,1,1,1,310,310,,?????,7/9/2024,1,500.00
693,64a11dd65bcb830012474fb2,7/9/2023,0:00,1,#20230709102237667,1,1,1,1,1,1,1,3061,3061,,?????,7/9/2024,1,500.00
694,64aa89a3797f4c000c4595af,7/9/2023,0:00,1,#20230709102258814,1,1,1,1,1,1,1,3580,3580,,?????,7/9/2024,1,500.00
695,64aa8511d2f5a600098ec2bb,7/9/2023,0:00,1,#20230709102359515,1,1,1,1,1,1,1,3180,3180,,?????,7/9/2024,1,500.00
696,64aa8895938b71000cb20121,7/9/2023,0:00,1,#20230709102812688,1,1,1,1,1,1,1,6360,6360,,?????,7/9/2024,1,500.00
697,64aa89995a3358000c037def,7/9/2023,0:00,1,#20230709103307151,1,1,1,1,1,1,1,3679,3679,,?????,7/9/2024,1,500.00
698,64aa78b431236c000cc04a2e,7/9/2023,0:00,1,#20230709103310174,1,1,1,1,1,1,1,3480,3480,,?????,7/9/2024,1,500.00
699,64aa89c31271a3000faddd6b,7/9/2023,0:00,1,#20230709103328300,1,1,1,1,1,1,1,3180,3180,,?????,7/9/2024,1,500.00
700,642145192740dc0001f1281e,7/9/2023,0:00,1,#20230709103458208,1,1,1,1,1,1,1,3130,3130,,?????,7/9/2024,1,500.00
701,64aa8d9ceddb04000906ed78,7/9/2023,0:00,1,#20230709103841889,1,1,1,1,1,1,1,3480,3480,,?????,7/9/2024,1,500.00
702,64aa8d7682bdbf000f993fee,7/9/2023,0:00,1,#20230709103845919,1,1,1,1,1,1,1,1422,1422,,?????,7/9/2024,1,500.00
703,64aa8de1e86ec0000c14af5f,7/9/2023,0:00,1,#20230709104256794,1,1,1,1,1,1,1,3180,3180,,?????,7/9/2024,1,500.00
704,641170823ce5b000018d4af8,7/9/2023,0:00,1,#20230709104825778,1,1,1,1,1,1,1,3206,3206,,?????,7/9/2024,1,500.00
705,64aa782f2e0b1a00128f42c6,7/9/2023,0:00,1,#20230709105441097,1,1,1,1,1,1,1,3230,3230,,?????,7/9/2024,1,500.00
706,64aa754b6050c800096fc6e7,7/9/2023,0:00,1,#20230709105929507,1,1,1,1,1,1,1,3130,3130,,?????,7/9/2024,1,500.00
707,64aa92e0470e2e000c5d3895,7/9/2023,0:00,1,#20230709110328298,1,1,1,1,1,1,1,1422,1422,,?????,7/9/2024,1,500.00
708,64aa930e8d8176000ffc5008,7/9/2023,0:00,1,#20230709110513595,1,1,1,1,1,1,1,6760,6760,,?????,7/9/2024,1,500.00
709,64aa924424cc120012e8b830,7/9/2023,0:00,1,#20230709110557903,1,1,1,1,1,1,1,3380,3380,,?????,7/9/2024,1,500.00
710,641172413ce5b000018d936f,7/9/2023,0:00,1,#20230709110823763,1,1,1,1,1,1,1,3380,3380,,?????,7/9/2024,1,500.00
711,64aa91c8afe09d0011341a1c,7/9/2023,0:00,1,#20230709110926484,1,1,1,1,1,1,1,3480,3480,,?????,7/9/2024,1,500.00
712,641a587463f26c0001465a28,7/9/2023,0:00,1,#20230709111001011,1,1,1,1,1,1,1,859,859,,?????,7/9/2024,1,500.00
713,64aa92737822e50012827d5e,7/9/2023,0:00,1,#20230709111211481,1,1,1,1,1,1,1,3380,3380,,?????,7/9/2024,1,500.00
714,64aa9534340393000a4b0e2b,7/9/2023,0:00,1,#20230709111223565,1,1,1,1,1,1,1,1422,1422,,?????,7/9/2024,1,500.00
715,64aa95aff16f7c000fd0fc57,7/9/2023,0:00,1,#20230709111311185,1,1,1,1,1,1,1,3180,3180,,?????,7/9/2024,1,500.00
716,64aa96196ff5fa000ca8fb86,7/9/2023,0:00,1,#20230709111410880,1,1,1,1,1,1,1,3380,3380,,?????,7/9/2024,1,500.00
717,64aa96d19c79d4001286c4e2,7/9/2023,0:00,1,#20230709111945616,1,1,1,1,1,1,1,3180,3180,,?????,7/9/2024,1,500.00
718,64aa97293fb5bf000fe1c215,7/9/2023,0:00,1,#20230709112000004,1,1,1,1,1,1,1,3280,3280,,?????,7/9/2024,1,500.00
719,64aa973e363b6a0009bcd777,7/9/2023,0:00,1,#20230709112923463,1,1,1,1,1,1,1,6860,6860,,?????,7/9/2024,1,500.00
720,64aa993755ca8f0009a9c086,7/9/2023,0:00,1,#20230709113259815,1,1,1,1,1,1,1,3580,3580,,?????,7/9/2024,1,500.00
721,64116d093ce5b000018ced4e,7/9/2023,0:00,1,#20230709113806644,1,1,1,1,1,1,1,3426,3426,,?????,7/9/2024,1,500.00
722,64aa9b46e368d50010a4a43d,7/9/2023,0:00,1,#20230709114040284,1,1,1,1,1,1,1,3480,3480,,?????,7/9/2024,1,500.00
723,64aa9ad8b8e3b2000f20f72e,7/9/2023,0:00,1,#20230709114309169,1,1,1,1,1,1,1,3580,3580,,?????,7/9/2024,1,500.00
724,64aa9bfb23226d000cc86282,7/9/2023,0:00,1,#20230709114737161,1,1,1,1,1,1,1,3380,3380,,?????,7/9/2024,1,500.00
725,64aa9b46e368d50010a4a43d,7/9/2023,0:00,1,#20230709114848938,1,1,1,1,1,1,1,3180,3180,,?????,7/9/2024,1,500.00
726,64aa9e168feda3000c2d0487,7/9/2023,0:00,1,#20230709115302122,1,1,1,1,1,1,1,3479,3479,,?????,7/9/2024,1,500.00
727,64aa9d9e4960540009e0c6ba,7/9/2023,0:00,1,#20230709115314208,1,1,1,1,1,1,1,3639,3639,,?????,7/9/2024,1,500.00
728,64a00dd38836980009ecd7f9,7/9/2023,0:00,1,#20230709115412888,1,1,1,1,1,1,1,3056,3056,,?????,7/9/2024,1,500.00
729,64aa9e4ac20e4500127349e6,7/9/2023,0:00,1,#20230709115452170,1,1,1,1,1,1,1,3580,3580,,?????,7/9/2024,1,500.00
730,64aa9f76ab00ca000ff37831,7/9/2023,0:00,1,#20230709115609265,1,1,1,1,1,1,1,3180,3180,,?????,7/9/2024,1,500.00
731,64aaa06939c87f000f2bbf20,7/9/2023,0:00,1,#20230709120434040,1,1,1,1,1,1,1,3380,3380,,?????,7/9/2024,1,500.00
732,64aa9f53871a68000e8ac538,7/9/2023,0:00,1,#20230709120547831,1,1,1,1,1,1,1,6660,6660,,?????,7/9/2024,1,500.00
733,64aaa08d3f0e7600092e01e6,7/9/2023,0:00,1,#20230709120846927,1,1,1,1,1,1,1,7732,7732,,?????,7/9/2024,1,500.00
734,64aaa1787ecfd50009e87bcb,7/9/2023,0:00,1,#20230709120854980,1,1,1,1,1,1,1,3380,3380,,?????,7/9/2024,1,500.00
735,64aaa244b5f109000ac64622,7/9/2023,0:00,1,#20230709121037265,1,1,1,1,1,1,1,3439,3439,,?????,7/9/2024,1,500.00
736,64aaa1450e641b001178f346,7/9/2023,0:00,1,#20230709121409867,1,1,1,1,1,1,1,6660,6660,,?????,7/9/2024,1,500.00
737,64aaa3cf1c3c80000900ee82,7/9/2023,0:00,1,#20230709121813695,1,1,1,1,1,1,1,6560,6560,,?????,7/9/2024,1,500.00
738,64116c703ce5b000018cccfe,7/9/2023,0:00,1,#20230709121949647,1,1,1,1,1,1,1,3280,3280,,?????,7/9/2024,1,500.00
739,64aaa4ed56bc04000f150532,7/9/2023,0:00,1,#20230709122500502,1,1,1,1,1,1,1,3380,3380,,?????,7/9/2024,1,500.00
740,64aaa4aeb4a911001248893c,7/9/2023,0:00,1,#20230709122649545,1,1,1,1,1,1,1,3045,3045,,?????,7/9/2024,1,500.00
741,645f22712d8d550012aa5bff,7/9/2023,0:00,1,#20230709122951661,1,1,1,1,1,1,1,3480,3480,,?????,7/9/2024,1,500.00
742,6411664cd846120001e58278,7/9/2023,0:00,1,#20230709123329307,1,1,1,1,1,1,1,549,549,,?????,7/9/2024,1,500.00
743,64aaa89cce19e3000c9ac013,7/9/2023,0:00,1,#20230709123440085,1,1,1,1,1,1,1,3280,3280,,?????,7/9/2024,1,500.00
744,6411664cd846120001e58278,7/9/2023,0:00,1,#20230709123627399,1,1,1,1,1,1,1,549,549,,?????,7/9/2024,1,500.00
745,6411664cd846120001e58278,7/9/2023,0:00,1,#20230709123834842,1,1,1,1,1,1,1,549,549,,?????,7/9/2024,1,500.00
746,6411664cd846120001e58278,7/9/2023,0:00,1,#20230709124037260,1,1,1,1,1,1,1,149,149,,?????,7/9/2024,1,500.00
747,647c19d3951cfa000f1d19e4,7/9/2023,0:00,1,#20230709124205437,1,1,1,1,1,1,1,532,532,,?????,7/9/2024,1,500.00
748,64aaa88313a5cd000fcf564d,7/9/2023,0:00,1,#20230709124645517,1,1,1,1,1,1,1,3280,3280,,?????,7/9/2024,1,500.00
749,64aaad3e139413000f007bd7,7/9/2023,0:00,1,#20230709125657605,1,1,1,1,1,1,1,3180,3180,,?????,7/9/2024,1,500.00
750,64aaad3f130cae000f6e9d12,7/9/2023,0:00,1,#20230709130003031,1,1,1,1,1,1,1,3180,3180,,?????,7/9/2024,1,500.00
751,64aaadbe4424f0000b121f88,7/9/2023,0:00,1,#20230709130231625,1,1,1,1,1,1,1,3280,3280,,?????,7/9/2024,1,500.00
752,64aab240c9239100123b81d4,7/9/2023,0:00,1,#20230709131708964,1,1,1,1,1,1,1,3280,3280,,?????,7/9/2024,1,500.00
753,64aab26265acf8000c556179,7/9/2023,0:00,1,#20230709132512592,1,1,1,1,1,1,1,3380,3380,,?????,7/9/2024,1,500.00
